0,1,2,3,4,5,6
-0.39345207,-0.516833911,0.592972922,0.223195345,0.835590371,0.860666761,-1.018370726
-0.578294902,0.187844272,-0.414081017,0.223195345,0.835590371,1.848104673,0.210184997
-0.624686829,0.317364533,-0.57061053,0.223195345,0.835590371,-0.789719607,-0.033725602
-0.600645179,-1.157585184,-0.6170379,0.223195345,0.835590371,3.238420459,0.700440964
-0.465214582,-1.291273435,-0.700022489,0.223195345,0.835590371,0.803598839,0.582989441
-0.395385067,-1.316384502,-0.723073966,0.223195345,0.835590371,2.692943204,1.171684659
-0.223227528,-1.154304269,-0.668674945,0.223195345,0.622092097,1.937930952,1.421743694
-0.296318974,-0.968778576,-0.071531398,-0.481055554,0.431945197,0.370583456,0.006713336
0.557461609,-0.384653639,1.120449928,-0.393024191,-0.778990327,-0.053336199,-0.247601071
1.130716012,-0.408421265,-0.38126077,0.223195345,0.405035518,-0.154644334,0.105617306
1.531088003,0.536995127,1.63907508,0.223195345,0.058649283,-0.550185504,-0.53130402
1.077075348,0.323136563,-0.152621943,-0.065939921,0.835590371,-0.003260338,-1.060036644
0.859250756,0.053447566,-0.002933179,0.223195345,-0.148535007,-0.305844393,-0.000567303
0.664863751,-0.09038807,0.186917415,-0.737146789,-1.039406568,-0.375496639,-0.653475842
0.992989981,0.188452742,1.297233459,0.223195345,0.614793011,0.025803826,-0.415013748
1.113802289,1.248440226,0.002646437,0.223195345,-0.011402782,-0.619337068,0.070945036
0.871090362,1.11280209,0.062000691,-0.29572637,0.034558087,-0.76565172,-0.231105805
0.88776246,0.718061562,-0.294871771,0.223195345,-1.633768343,-0.833954799,-0.018951135
0.611827148,-0.011873005,-0.386544728,0.223195345,-0.494064321,-0.342647042,0.558248367
-0.012651674,-0.232643802,-0.575031436,0.223195345,-1.54379171,-0.638761649,0.371743572
-0.563072551,-0.603455204,-0.483790905,0.223195345,-0.456074187,-0.1697881,0.382369385
-0.606323358,-0.672649863,-0.312082177,-0.698254429,0.835590371,0.848875077,0.697724726
-0.615505093,-0.196310133,-0.584888463,0.223195345,0.835590371,0.367698461,-0.50105695
-0.843236295,-0.765950116,-0.619225234,0.223195345,-4.008151723,0.63185443,0.365876249
-0.328696673,-0.294428557,-0.254955904,0.223195345,0.248470117,-0.046071083,-0.578460923
-0.274331134,-0.443686301,0.018843569,0.223195345,0.835590371,0.066217851,0.81781429
-0.599557869,-1.161296277,-0.409016068,0.223195345,0.835590371,0.62507837,0.145939577
-0.703214829,-1.326173429,-0.496869906,0.223195345,0.835590371,0.785536261,0.16630036
-0.651748786,-1.303437867,-0.733977192,0.223195345,0.835590371,0.594378904,0.215467489
-0.594483752,-1.372698955,-0.640738396,0.223195345,0.835590371,2.845411835,0.606997937
-0.445522175,-1.20138156,-0.642140797,0.223195345,0.835590371,1.567768093,0.953338856
-0.664675703,-1.166780154,-0.535765251,0.223195345,0.835590371,0.18735992,-0.033568089
-0.069191835,-0.791086913,-0.534995335,0.223195345,0.504394331,-0.417586515,0.338442786
0.761513598,-0.437257607,-0.345321112,0.223195345,0.444176869,-0.656174822,-0.077943218
0.791837487,-0.591454982,-0.30155903,0.223195345,-0.004516659,0.947425012,0.253703505
1.171792197,-0.123737487,1.145491808,-0.02329247,-0.128338404,-0.349523313,-0.173712822
1.324498955,0.082489576,-0.045283102,0.223195345,0.057479191,0.289710947,0.319011895
1.142434806,0.087823399,-0.094166461,0.223195345,-0.980812914,-0.376421047,-0.477311545
1.061732184,0.549890199,0.153371783,-0.012678162,0.415536856,-0.376888781,-0.019541606
1.263488739,0.132525616,0.010145822,0.223195345,-0.011402782,-0.586611154,-0.275040685
1.502093049,0.388567021,0.002239735,-0.028966102,-0.570303026,0.438537727,-0.51605473
1.186893736,0.898824445,-0.201406765,0.223195345,-1.231072922,-0.613799834,-0.695553051
1.127574892,0.991897301,0.065912519,0.01518875,-0.875223613,-0.707499761,-0.968206999
0.27488162,-0.209073031,-0.454429547,0.223195345,-1.29743367,-0.220062253,-0.652667412
-0.36047031,-0.722239618,-0.468672139,0.223195345,-1.151585872,-0.07095377,-0.688737053
-0.543500957,-0.037773238,-0.399022084,-0.584961424,-0.524056532,-0.875552318,-0.814705098
-0.585664453,0.798881296,-0.518350001,0.223195345,0.155766919,-0.545533852,-0.890300837
-0.829705316,0.480247381,-0.546641284,0.223195345,0.835590371,-1.238260749,-1.18615486
-0.311662138,0.088467299,-0.372723524,0.223195345,0.097496338,-0.083024881,0.712742325
-0.646312232,-0.687155406,-0.488574408,0.223195345,0.42553813,1.129404974,1.140922009
-0.629036072,-1.141173645,-0.536988769,0.223195345,0.835590371,1.504844881,-0.001292063
-0.649694977,-1.301352695,-0.740475572,0.223195345,0.835590371,4.121468802,0.776342752
-0.581073585,-1.228418578,-0.673968567,0.223195345,0.835590371,0.540948299,0.602786101
-0.593154816,-1.269630414,-0.734120876,0.223195345,0.835590371,0.589786614,0.514840418
-0.589288822,-1.227130398,-0.723961416,0.223195345,0.835590371,0.47834162,0.249751074
-0.612363973,-0.786539218,-0.624740612,0.223195345,0.835590371,1.707563435,0.928023869
-0.597866496,-0.996017033,-0.633703604,0.223195345,0.835590371,1.690331325,0.702491062
-0.211146297,-0.567462796,-0.551729825,0.223195345,0.365894168,0.968086643,-0.069639337
0.227523195,-0.381720165,-0.421047307,0.223195345,0.308380347,0.328459609,-0.155436238
0.542722507,-0.470722584,-0.39559086,0.223195345,-0.347613804,-0.292419597,-0.907375281
0.412607651,-0.074777196,-0.140784746,-0.38730079,-0.08702717,-0.965169669,-0.685261724
0.058506775,0.023404693,-0.346604606,0.223195345,0.53865599,-0.53581326,-1.250430468
0.307138506,0.565686962,-0.465487543,0.223195345,0.17319829,0.167890131,-1.375239505
0.784347124,-0.242490472,-0.1180628,0.223195345,-1.986533874,-0.549110062,-0.380652244
1.091452012,-0.037780506,-0.181165064,0.027570095,-1.070144223,-0.935801034,-0.666478618
0.898273131,0.653149162,-0.292948592,0.223195345,-0.684014992,-0.641555653,-0.96100787
0.696637388,1.552253422,-0.090318493,0.223195345,-1.410782774,-0.998845007,-0.487125185
0.098495649,1.783435723,-0.346466227,0.223195345,-1.088165354,-1.033593297,-0.815304792
-0.421238901,-0.50574604,-0.583181307,0.223195345,0.248470117,-0.498051425,-0.478495184
-0.424017584,-0.361982252,-0.604827257,-0.715805853,-1.982586847,-0.493865228,-0.774149436
-0.383424649,0.793483982,-0.403280971,-0.350032131,-0.055212772,-0.990434804,-1.279765676
-0.330146421,-0.315871963,-0.517524847,0.223195345,-1.054650446,-0.981091659,0.160919367
-0.220328032,0.193814955,-0.303205026,0.223195345,0.835590371,-0.864719015,0.295847514
-0.344643898,-0.427072842,-0.37020827,0.223195345,0.835590371,-0.207166692,0.56577091
-0.286049928,-1.075758813,-0.661206874,0.223195345,0.835590371,0.420691388,-0.025039729
-0.355154569,-1.069826043,-0.597593591,0.223195345,0.835590371,0.957470038,0.032508875
-0.334495664,-1.122639528,-0.690802827,0.223195345,0.835590371,1.532261529,0.18844038
-0.366873363,-1.148318366,-0.628603645,0.223195345,0.835590371,-1.079287616,-0.016405906
-0.380041904,-1.090483929,-0.641613576,0.223195345,0.835590371,0.203914513,0.295422991
-0.594242127,-1.186655837,-0.637558158,0.223195345,0.835590371,0.447982831,-0.290585018
-0.411090667,-0.965681372,-0.186578446,0.223195345,0.835590371,-0.548593456,-1.029695383
0.780722755,-0.147158382,0.435392283,-0.014957133,-1.009644712,-0.517153703,-0.659928982
0.803918718,-0.266868543,-0.07671175,0.223195345,0.361585029,-0.565364721,-1.304095261
1.477809775,0.263040764,0.252921218,0.223195345,0.137393313,-0.34423135,-1.253306236
2.07631395,0.479460999,-0.023137218,0.045865982,-0.858395935,-0.728852727,-1.011463692
1.037086473,0.004747013,0.10450022,0.223195345,-1.460702177,-0.439580062,-0.358678189
0.780601943,1.055716628,0.507125924,0.223195345,-0.420194616,0.861438898,-1.509772638
1.701312545,1.551246633,-0.100198022,-0.385416543,-0.778990327,-0.35856339,-1.279475007
1.37028682,1.20623282,0.10814974,0.223195345,-1.353671592,-0.688298764,-1.947631729
1.108848985,1.965189212,0.452993048,-0.027682838,-0.674147424,-0.785564547,-1.792514811
0.782172503,1.00479298,0.12418206,-0.082052723,0.616664175,-0.57120977,-0.989148766
-0.140229472,0.109425747,-0.465037541,0.223195345,-0.184144806,-0.699234711,-0.841850993
-0.595691875,-0.741646856,-0.308920225,0.223195345,0.835590371,0.07174924,0.191372594
-0.654648281,-0.653154289,-0.568824972,-0.715805853,0.835590371,0.330273523,0.256699002
-0.843115482,-0.636960094,-0.520743647,0.223195345,0.835590371,1.338729617,-0.697925802
-1.032186745,-0.794249684,-0.596237237,-1.788950079,0.835590371,0.795290685,-0.298288426
-0.522962865,-0.596958233,0.140331107,0.223195345,0.835590371,-0.764293885,0.779981542
-0.626136576,-0.432935055,-0.498922605,0.223195345,0.835590371,-0.784549599,0.363486152
-0.4850278,-0.496316252,-0.60278697,0.223195345,0.835590371,-0.576195066,-0.928864231
-0.558481684,-1.114572327,-0.647968556,0.223195345,0.835590371,1.248958107,0.070740834
-0.50544508,-1.056349093,-0.449350575,0.223195345,0.835590371,1.455505048,-0.16605188
-0.349838827,-1.069190272,2.996476903,0.223195345,0.616664175,0.965157069,0.02663465
-0.104348216,-1.272989281,-0.678026543,0.223195345,0.835590371,0.634900713,0.053111042
0.106710886,-0.77812483,-0.43574729,0.223195345,0.32905525,0.196636878,-0.658210762
0.47482599,0.021831298,0.066626819,0.223195345,-0.831073575,-1.335589891,-0.831954296
1.271341539,0.352356282,0.571620357,0.223195345,-0.987936064,-0.677961807,-0.434110519
1.3671457,0.809113698,0.686739413,-0.629212083,0.143627215,-0.812886787,-0.716847684
1.355185282,0.638391478,1.023359562,0.223195345,-1.512890644,-0.831057538,-0.254152376
1.233285662,0.851615259,0.921759323,0.223195345,-3.324007359,-0.996537261,0.156679388
1.215526253,0.94016924,0.452168842,-0.186763598,-1.223585012,-0.753578275,-0.304145866
1.426343731,2.074358355,1.044119152,-0.287660229,-1.151585872,-1.004118368,0.305958719
1.373669565,1.397736869,0.894403622,0.007451087,-0.577167739,-1.114302098,0.43904057
1.530000692,0.914648332,1.145064166,0.223195345,-0.093664707,-0.609660324,0.19008937
1.227607484,2.176109617,0.67631196,0.223195345,-0.098143044,-0.824199462,0.256255204
1.20803589,0.221280606,-0.071517423,0.223195345,0.164595795,-0.629149704,-0.434967185
0.221965829,-0.291397605,-0.488777641,-0.235386636,-0.666345162,-0.090873369,-1.054898182
-0.263458027,0.698031545,-0.376168912,-0.565565661,-0.025519334,-0.317404567,-0.27803409
-0.483819677,-0.804433639,-0.456650422,-0.724834711,-0.849189488,0.239807487,0.13441964
-0.795515433,-1.021153323,-0.51848331,0.223195345,0.835590371,1.196636033,0.208588103
-0.847827162,-0.783960603,-0.381799455,0.223195345,0.835590371,1.000135925,0.258909578
-0.745015888,-0.440492024,-0.345487536,0.223195345,0.835590371,-0.580731471,0.563182315
-0.636043186,-0.146669144,-0.460834507,0.223195345,0.273997085,-0.864791247,1.060293779
-0.592067505,-1.034954996,-0.521407825,0.223195345,-4.997733441,1.513786689,0.267715483
-0.63314369,-1.236653155,-0.439348916,0.223195345,0.835590371,1.489560773,1.452396378
-0.572254287,-1.148121739,-0.483054909,0.223195345,-0.121198191,1.571745123,0.505876699
-0.477658249,-1.211896291,-0.345617719,0.223195345,0.835590371,1.281100477,0.837835505
-0.260558531,-1.111065002,0.205190411,0.223195345,0.835590371,0.631866103,0.814431115
-0.204380808,-0.763388672,-0.221732602,0.223195345,0.22051201,0.235526374,0.656532245
0.662326693,-0.19051369,-0.057450398,0.223195345,-2.155632817,-0.569481415,1.078060206
1.306618734,0.648290977,0.542464411,-0.442987937,-0.560803746,-0.877446793,0.030321847
1.966253937,0.84952806,1.375660707,0.223195345,-0.430747431,-0.698214747,-0.262891913
1.694305431,1.868666673,1.107993274,-0.569794943,-0.831073575,-0.812970786,0.336432107
1.453164064,0.421346108,0.730541053,0.223195345,-1.536854736,-0.442821693,-0.320680046
1.536766181,-0.05769709,0.260866767,0.038560278,-0.255957143,-0.370289385,-0.571268447
1.42259855,1.018426695,0.734538012,-0.772715016,-0.534356888,-0.923011465,0.033456825
1.654195745,1.442098915,0.809201,-0.248551668,0.301108485,-0.814335124,-0.287718867
1.521906267,1.61588686,0.895268853,-0.337004233,-0.080483784,-0.806451133,-0.188719837
1.262763866,0.67876109,0.533114329,-0.030915804,-0.7460397,-0.747538252,-0.526977569
1.057866191,0.078032115,-0.128251916,-0.11796426,-0.599592471,0.029469306,-0.591751513
0.510465621,-0.421951981,-0.349227777,-0.685515492,-0.065570949,0.104213714,-0.493914128
-0.053607047,-0.634027404,-0.291618862,0.223195345,-2.583521695,-0.067784458,-0.651380232
-0.307675331,-0.797050605,-0.507059401,0.223195345,-0.524056532,0.330917101,-0.141753289
-0.46775164,-0.595286448,-0.461346331,0.223195345,-0.524056532,0.594842597,1.420225439
-0.615384281,-0.058675135,-0.042270046,0.223195345,-0.287596201,-0.571731091,-0.191500894
-0.561743616,-0.024442214,-0.544470957,0.223195345,0.835590371,0.043667001,0.625036897
-0.452166852,1.330510582,-0.389471138,0.223195345,0.835590371,-0.459784305,1.540854211
-0.418822655,1.066130842,0.03799743,0.223195345,0.835590371,-0.004786714,1.798966908
-0.482853179,-1.202291378,-0.606766685,0.223195345,0.574648036,3.24919939,2.35510037
-0.452166852,-0.750330099,-0.581706614,0.223195345,0.630564251,-0.461104337,1.370037557
-0.423896772,-0.389812286,1.280472724,0.223195345,0.835590371,-0.187530958,1.106640566
-0.313595135,-0.626779128,-0.012756523,0.223195345,0.835590371,-0.196443222,0.888921668
-0.498317154,-0.747924078,-0.295103665,0.223195345,0.835590371,-0.099869054,0.181803974
0.270532377,-0.280761565,-0.015976129,-0.393024191,0.111292488,-0.413091333,-0.191048064
0.952034608,0.157999622,0.249192299,0.223195345,-1.561312933,-0.697783178,0.013055073
1.24415877,-0.149509649,0.272320096,-0.121542857,-0.778990327,-0.278056252,0.126164536
1.490736692,0.162706057,0.554245659,0.223195345,0.835590371,-0.665292335,-0.091492016
1.490736692,0.440430851,0.214380276,-0.309751281,-0.430747431,-0.847180547,-0.39994891
1.067047926,0.514501018,0.078684113,0.223195345,-1.624723073,-0.989856879,0.037102561
1.227124235,0.921888428,0.734982518,0.223195345,0.161678428,-0.724421603,-0.153993178
1.309276604,0.614004593,0.787318798,-0.010442394,-0.573498238,-0.943205622,-0.457357355
1.212264321,0.680792142,0.347348903,0.223195345,-0.197741275,-0.874659227,-0.635226743
1.100392123,1.209142793,0.229103757,-0.060123982,-0.142943385,-1.057345018,-0.280699499
0.71451761,0.924168683,-0.0558865,0.223195345,-0.062958887,-0.910711964,-0.669907977
-0.009027305,-0.50274839,-0.388677914,-0.350032131,-1.601512569,0.176078515,-0.256909602
-0.35104695,-0.79625926,-0.558583271,0.223195345,-3.685235583,0.070313833,-0.913652167
-0.3907942,-0.965309366,-0.111810052,0.223195345,-1.317183893,0.156100276,-1.295599089
-0.70744326,-0.882391822,-0.648685603,0.223195345,0.835590371,0.012194431,-0.582258733
-0.502787209,-0.823107704,-0.601572264,0.223195345,0.835590371,1.785921663,1.160161494
-0.356362692,-0.998884306,-0.3742788,0.223195345,0.461194847,0.139108656,0.803423867
-0.367235799,0.734782299,-0.205408793,-2.857902335,0.835590371,0.852545685,0.639048627
-0.342710901,-0.777503672,-0.508063011,0.223195345,0.658650021,1.509089648,0.325824677
-0.374967787,-0.33259731,-0.466924005,0.223195345,0.835590371,-0.365667059,-0.366002041
-0.456032846,-0.458130228,-0.560628342,0.223195345,0.835590371,-0.04129105,-0.692602
-0.376296723,-1.161253579,-0.712559631,0.223195345,0.835590371,1.002651083,-0.334175956
-0.217790974,-0.943207802,-0.568562522,0.223195345,0.638389675,1.475961162,-0.375323502
-0.184205152,-0.619788842,0.270880885,0.223195345,0.835590371,0.047601892,-0.795991738
0.38010914,0.438197423,0.436668433,0.223195345,0.495678645,-0.757712446,0.097883192
0.935483322,1.262769605,1.617201311,0.223195345,-0.177479871,-1.315740178,-0.324008804
1.032616418,0.976774246,1.821841614,0.223195345,0.205510099,-1.011437339,-0.140997954
0.710530804,1.543675127,1.291433698,-0.370751196,-0.287596201,-1.10091575,-0.319004739
0.671266804,0.574005189,0.933820407,0.223195345,0.545328673,-1.092348746,-0.562251329
0.564589535,1.419833242,0.954694736,0.223195345,-0.418452889,-1.193863248,-1.386308098
0.803435469,0.181393343,0.295706694,0.223195345,-1.317183893,-0.688702807,-0.023839856
0.982600122,0.273146766,1.206331224,-0.529439203,-0.972740011,-0.737500071,-0.825470577
1.056416443,0.537510956,0.934241038,-0.130192203,0.589559027,-0.767100141,-1.12346166
0.746291247,0.983921145,0.34590794,-0.158956306,0.378363979,-0.623691362,0.039650158
0.350389312,-0.192692693,-0.437804158,-0.216961467,-0.88662904,-0.771186694,-0.277517396
-0.107851773,-0.224039119,-0.185577963,-0.619498038,-1.317183893,-0.571361299,-0.025223734
-0.576724342,-0.202682376,-0.328285989,-1.248373696,0.835590371,-0.641723658,-1.04800577
-0.603544675,-0.859782381,-0.602976891,0.223195345,0.835590371,-0.04617498,-0.712165962
-0.806388541,-0.972837287,-0.425115563,0.223195345,0.835590371,-0.056116274,-0.769545828
-0.829463691,-1.250270053,-0.716353167,0.223195345,0.835590371,2.415247478,0.472819242
-0.539876588,1.453213505,-0.205681618,0.223195345,0.297396805,0.194851182,0.259756764
-0.665279764,0.304490153,0.098018468,0.223195345,0.835590371,0.405016078,0.227929634
-0.451925228,0.447844883,-0.18902733,0.223195345,0.835590371,0.139558401,-0.335508833
-0.494330348,0.336277342,-0.539339068,0.223195345,0.835590371,0.226294373,0.371114515
-0.477537437,-0.746867322,-0.504251709,0.223195345,0.835590371,1.057524197,0.033327866
-0.391156637,-1.037669988,-0.656010037,0.223195345,0.835590371,2.535385273,0.13803603
-0.466301892,-1.10743376,-0.138739059,0.223195345,0.835590371,1.997436004,0.040807075
-0.63362694,-0.979715533,-0.64215065,0.223195345,0.835590371,0.704470655,-0.04006342
0.314749682,-0.468149541,-0.469241143,0.223195345,-2.434446485,-0.46770709,0.333762505
0.906850805,0.457433765,-0.100436974,-0.120341679,-0.849189488,-0.855717241,-1.01578498
1.188947545,0.175448492,-0.351252288,0.223195345,-0.466928511,-0.473272692,-0.449991556
1.357480715,-0.159713484,-0.277700353,0.223195345,-1.430487801,-0.117913209,-0.301269171
1.881202072,0.226833342,-0.17797573,-0.02961267,-0.394566351,0.473893367,-0.476750076
1.458117368,-0.117714558,-0.207426814,0.223195345,-0.142943385,-0.179260722,-0.475174895
1.567210883,0.732657011,-0.270194526,0.223195345,-0.328071393,-0.057333127,-0.340759664
1.637402834,0.38522107,-0.216212866,0.223195345,-0.477966807,-0.519582455,-0.427617607
1.629912471,0.103661315,-0.303117716,-0.855525944,-0.049111381,-0.38758498,-0.585280729
1.80992281,0.543716634,0.056063262,0.062092198,-0.331074391,-0.25739098,-0.985343909
1.453284876,0.445226306,-0.203118137,0.009785982,-1.151585872,-0.386763371,-0.856987992
0.431816808,-0.461276813,-0.427745115,0.223195345,0.545328673,0.167452836,-0.812836018
-0.178043724,-0.519118142,-0.058880986,0.223195345,0.835590371,-0.542894262,-0.723313586
-0.36832311,-0.673166908,0.026171224,0.223195345,0.835590371,-0.121837985,-0.848245367
-0.497713093,-0.608343577,-0.417460603,0.223195345,0.835590371,-0.471932199,-0.805926921
-0.824027138,-1.027391949,-0.505893631,0.223195345,0.835590371,0.508536556,-1.583017571
-1.041489293,-0.938836018,-0.517443744,0.223195345,0.835590371,0.323928749,-2.054430799
-0.741029082,-0.820884888,-0.572621114,0.223195345,0.835590371,0.835233561,-1.461817205
-0.833450498,-0.894735103,-0.584021762,0.223195345,0.835590371,0.418044566,-1.68338256
-0.801797673,-1.012719713,-0.677369376,0.223195345,0.835590371,0.568283773,-1.281958215
-0.929254658,-1.376692604,-0.59986345,0.223195345,0.835590371,0.907997409,-1.456248931
-0.921160234,-1.220994264,-0.672472461,0.223195345,0.835590371,1.924515131,-1.225787828
-0.79273675,-1.268311793,0.205800489,0.223195345,0.835590371,1.509076499,-1.583290377
-0.238329066,-0.520845187,1.242196315,0.223195345,-0.109530037,-0.022716418,-0.874232288
0.177627711,-0.098377725,2.07517692,0.223195345,-0.626671393,-0.49777063,-0.060357473
0.976317882,-0.161348168,-0.021511356,0.223195345,0.297396805,-0.069084716,-0.482279416
1.495206747,0.617359509,1.711855346,-0.381682727,-0.30747561,-0.554966686,-0.421123674
1.567935757,0.613057573,0.492528125,-0.056110961,-0.534356888,-0.629154223,-0.402107697
1.567814944,0.69437984,0.593030102,-0.05532196,0.461194847,-0.542205039,-0.59139957
1.20018309,1.514245967,1.012797237,-0.600719355,0.189758092,-0.583909979,-1.320428002
1.45086863,0.955785432,2.101177357,0.223195345,-0.019816621,-0.79962311,-0.148773518
1.430209725,1.758270232,0.417627843,0.011617822,-0.849189488,-1.202534301,-0.977729597
1.576271806,1.176396983,0.868598079,0.003116939,-1.843417602,-0.968254769,-1.383901821
1.505717418,1.170189634,0.615104356,0.223195345,-0.361979418,-0.76136065,-1.250640983
1.17457088,0.038607549,-0.285850746,0.223195345,-0.31621242,-0.500926711,-1.405975582
0.174607404,-0.153758858,-0.257770512,0.223195345,-1.595778209,-0.388091136,-2.295595128
-0.236758506,-0.025158241,-0.177049908,0.223195345,-1.391417488,-0.363400202,-3.272803377
-0.377504846,-0.257686363,-0.400826497,0.223195345,-1.430487801,0.058539971,-2.42771559
-0.694033094,-0.237948551,-0.251447415,0.223195345,0.835590371,0.596975837,0.870144295
-1.05707408,0.703323632,-0.524983491,0.223195345,0.835590371,-0.941253175,0.046189588
-0.639184306,-0.496990467,-0.432942346,0.223195345,0.835590371,0.172092146,0.620224655
-0.56246849,-0.885793084,0.069044436,0.223195345,0.418924385,0.592516684,0.483742753
-0.55147457,-0.701911723,-0.378970114,0.223195345,0.554793728,1.429523193,0.020420639
-0.554132441,-0.948555402,-0.53322593,0.223195345,0.835590371,2.970573396,0.659885356
-0.414715037,-1.196911437,-0.59214231,0.223195345,0.835590371,1.328212507,0.660865335
-0.374363726,-1.226517116,-0.615976399,0.223195345,0.835590371,1.645631036,1.464347213
-0.104831466,-0.829864059,0.149813314,0.223195345,0.708956591,0.191443291,1.29998877
-0.529245105,-0.885907707,-0.358851773,0.223195345,0.835590371,0.230479799,0.129084335
0.031807255,-0.432039952,0.587950088,0.223195345,-0.958388182,-0.065231354,0.513363484
0.550454495,0.389914842,1.311339757,0.223195345,0.248470117,-0.528265755,-0.055640564
1.083961649,0.761907526,3.021021597,-0.580569267,0.397737979,-0.745882697,-0.536248229
1.38756298,0.389195447,0.590012829,-0.314107793,-0.249842031,-0.76860617,0.024769578
1.347090857,0.317788406,0.433588628,0.223195345,-0.30747561,-0.02165834,-0.100371651
0.913737107,1.31073268,0.998036425,0.223195345,-0.277913558,-0.951542017,-0.307751725
0.907575679,1.470217964,0.645900566,-0.593891333,-0.371572767,-1.211107845,0.024852802
1.131561699,1.269961558,1.078238241,0.223195345,-0.858395935,-1.226892939,-0.34519468
1.123708899,0.973415886,1.117708133,0.223195345,-0.321124159,-0.536306792,-0.566074495
1.113198228,0.62009157,0.093446298,-0.314107793,0.412093795,-0.69218765,-1.104158741
0.824215186,-0.010904812,-0.124340987,-0.547079075,-2.430687822,-0.603053012,0.112750988
0.018517901,-0.597990119,-0.014434023,0.223195345,-1.863410199,0.710697264,-0.368222309
-0.595087813,-0.792664613,-0.528924075,0.223195345,0.835590371,0.282163864,-0.556578759
-0.81472459,-0.739061328,-0.43159433,0.223195345,0.835590371,-0.356222041,-0.428674389
-1.049100468,-0.680715139,-0.414407516,0.223195345,0.835590371,-0.728563122,-1.133169909
-1.127507656,-0.448114307,-0.416047306,-0.936747311,0.835590371,-0.160558655,-0.710024941
-0.652352847,-0.128200012,-0.190600229,0.223195345,0.835590371,-0.199798583,0.295269923
-0.440931308,-0.044204844,-0.334403201,0.223195345,0.661041107,-0.439705247,0.08692861
-0.696690964,-0.670198129,-0.506541797,0.223195345,0.835590371,-0.167122134,0.040458991
-0.84927691,-0.984984649,-0.438897256,0.223195345,0.835590371,2.683945145,-0.131190568
-0.823302264,-0.639465669,-0.478839368,0.223195345,0.835590371,0.374630751,-0.516653449
-0.763258546,-0.881253696,-0.519526619,0.223195345,0.835590371,1.319041815,0.179868561
-0.643412736,-0.679314261,-0.492284851,0.223195345,0.835590371,1.665380199,0.867485121
-0.730155974,-0.83387883,-0.25443252,0.223195345,0.835590371,0.365841384,-0.626638722
-0.01506792,-0.351815772,-0.178091701,-0.114459196,0.835590371,-0.20433489,-0.537787066
0.710651616,0.069401169,0.176707881,0.223195345,-1.067915294,-0.238510237,-0.435883284
1.05520832,0.14149838,0.931625493,-0.026412569,-0.157997751,-0.527537022,-0.890747374
1.325465454,0.660380445,1.172417546,0.223195345,-0.793536099,-0.502076109,-0.839859705
1.129628702,0.889946323,0.925203858,-0.047670385,-0.321124159,-0.486826472,-1.544028086
0.998064098,1.942750971,1.051896003,0.223195345,-0.356715375,-0.589907418,-1.632294377
1.124192148,2.048915019,0.715047893,0.223195345,0.161678428,-0.860164337,-1.228642464
1.168530265,1.16893967,0.18914189,0.223195345,0.052763366,-1.070095874,-1.309262615
1.277261343,0.4893645,0.282863756,0.223195345,-1.512890644,-0.729531289,-0.673890151
0.933067076,1.28579089,0.894896828,0.223195345,-0.837068769,-1.061902407,-0.975243148
0.741579567,0.229031542,1.526621974,0.223195345,-1.085894096,-0.025348945,-1.199778028
0.112389065,0.195545976,0.121838724,0.223195345,-1.430487801,-0.528945293,-0.09396153
-0.622995456,-0.157796625,-0.161098077,0.223195345,0.835590371,-0.634713418,-1.062510475
-0.798294116,0.252681759,-0.167410136,0.223195345,0.835590371,-0.29108408,0.700347128
-0.9031592,1.022481278,1.60416883,0.223195345,0.835590371,0.097233799,-0.01254192
-1.013340025,0.193053924,0.176890649,0.223195345,0.835590371,0.749654974,0.169369379
-0.846256602,0.095715803,-0.182583667,0.223195345,0.835590371,-0.921699831,0.366421285
-0.708530571,-0.228556955,-0.34057693,0.223195345,0.835590371,0.411833274,0.416960436
-0.649574164,-1.169580948,-0.518803935,0.223195345,0.835590371,-0.270043755,0.020075913
-0.613572096,-1.289896034,-0.670145706,0.223195345,-0.456074187,-0.138165205,0.48911775
-0.601128429,-1.24253687,-0.46548759,0.223195345,0.297396805,0.556582052,0.388318317
-0.435253129,-1.25542328,-0.24069839,0.223195345,0.835590371,0.048674341,0.637820777
-0.099757349,-0.959546049,-0.536607269,0.223195345,0.649739356,2.022808778,0.042733383
-0.341986027,-0.847615113,-0.4998895,0.223195345,0.835590371,0.829676023,-0.69940725
0.222328266,-0.095190717,0.867143662,0.223195345,-0.583821231,-0.642930405,-0.74494757
0.883654842,0.891509917,1.015639938,0.223195345,-0.509893544,-0.669214035,-0.912348287
1.183269367,1.102946075,0.540529388,-0.077399551,-0.297448715,-0.792534327,-0.446554073
1.799774576,0.42925386,0.831744964,0.004580875,-0.494064321,-0.433461906,-0.05987476
1.554163153,1.103667218,0.578319743,-0.788036714,-0.778990327,-0.523111609,-0.477113155
1.281973023,1.745879872,0.579024378,-0.155288823,0.667841727,-1.008251667,-1.185140949
1.556821024,0.517499073,0.776657793,0.032857264,0.028300022,-0.479595383,-0.757771364
1.745892287,0.343494646,0.334835259,0.223195345,0.308380347,-0.871775075,-0.544987787
1.537007806,0.374338842,0.634726364,-0.231160074,-1.08445154,-0.773129853,-0.645488027
1.344191361,0.577863195,0.10531803,0.223195345,-0.234427606,-0.456878372,-0.585718841
1.106553551,0.762527898,-0.008563817,-0.248551668,-0.672922982,-0.794472356,-1.252671851
0.451871652,-0.343407538,-0.327494897,0.223195345,-0.599592471,-0.34692341,-1.210782982
0.138726148,-0.332951537,-0.235543336,0.223195345,-0.040114414,0.08777676,-0.82147369
-0.292452981,-0.574849552,-0.513301395,0.223195345,-1.273249724,0.289651838,-1.304009725
-0.131168549,1.072890464,-0.376544064,0.223195345,-0.831073575,0.38149808,-1.47933692
-0.461227775,1.8747459,-0.487642095,0.223195345,0.248470117,-0.573154777,-1.590102576
-0.316736255,2.127009909,-0.277950723,0.223195345,0.671047115,-0.426452572,-0.840117416
-0.419185092,3.443028186,-0.173627449,0.223195345,0.614793011,0.407305197,-0.188034295
-0.57189185,1.28777043,-0.301796608,0.223195345,0.835590371,1.916865584,0.248028444
-0.793099187,-0.909685868,-0.543833876,0.223195345,0.205510099,2.504742449,0.717680159
-0.6587559,-0.948548184,-0.590033237,0.223195345,0.835590371,1.482439578,1.098351383
-0.693429032,-0.954689839,-0.52905999,0.223195345,0.835590371,2.668017606,1.023637876
-0.563314176,-1.054474958,-0.662463696,0.223195345,0.835590371,1.29366311,0.732083271
-0.931670904,-1.056117314,-0.70728619,0.223195345,-0.640597695,2.827905788,-0.271464944
-0.722423986,-0.882111216,-0.64451033,0.223195345,0.835590371,0.251546644,-0.443133713
-0.214408229,-0.72321128,-0.436450883,0.223195345,-0.025519334,0.922207342,-0.643545113
0.071071255,-0.355128749,-0.469176383,0.223195345,0.097496338,-0.068330856,-0.634263895
0.63864748,-0.129538109,-0.039353489,0.223195345,-0.004516659,0.191150912,-0.551252609
0.748828306,0.56457958,-0.042906463,0.223195345,-0.503913615,-0.37410071,-0.818745631
0.044854985,-0.33545263,-0.446134712,0.223195345,0.333973067,-0.395370546,-1.373203729
0.444381288,1.481114501,-0.125561142,0.223195345,-0.640597695,-0.501535064,-1.652829706
0.875681229,0.98334651,0.362918666,0.223195345,-1.247739562,-0.529491621,-1.77692908
1.381643177,-0.117063947,0.415020162,0.223195345,-0.371572767,-0.474074048,-1.371916327
1.194746536,-0.056373835,-0.031211055,0.223195345,0.008925054,-0.536228125,-1.435725148
1.014132135,0.108809173,0.032662499,0.223195345,-1.024406593,-0.315513992,-1.400244403
0.467214815,0.420569452,-0.107740896,0.223195345,-0.496022576,-0.329351104,-1.417560134
0.257243023,-0.074138665,-0.217440837,-0.077399551,-0.778990327,0.474080441,-1.02619931
-0.012893299,-0.318185394,-0.099334638,-0.057702449,-1.624723073,-0.342113605,-1.158226242
-0.102777656,0.309726726,-0.003335571,0.223195345,-3.382089819,-0.533534965,-0.824271101
-0.05952685,1.027881073,-0.221696172,-0.253109611,-1.747738746,-0.579447048,-1.067705771
-0.303809338,-0.569001698,-0.55290616,0.223195345,-0.73687083,-0.887395933,1.124264942
-0.295352476,-1.271086477,-0.614084155,0.223195345,0.835590371,0.444475715,0.59243979
-0.18879602,-1.174131328,-0.637984899,0.223195345,0.835590371,0.460707955,1.120690894
-0.25053111,-1.243732815,-0.666835191,0.223195345,0.835590371,0.068704089,1.840906096
-0.287620488,-0.876858308,-0.640110079,0.223195345,0.835590371,0.383147186,1.801708359
-0.285808304,-1.264170116,-0.728859184,0.223195345,0.67902497,-0.938358947,0.998617039
-0.1778021,-1.159003689,-0.733047722,0.223195345,0.835590371,1.543929702,1.204799609
-0.56718017,-1.20804958,-0.668601942,0.223195345,0.835590371,1.001141106,0.497304144
-0.225885399,-1.065211539,-0.568949043,0.223195345,0.835590371,-0.025153467,0.589307534
0.051741286,-0.742586938,-0.219620213,-0.626762636,0.835590371,1.935856863,-0.339823627
0.716813044,-0.477636438,-0.253713294,0.223195345,-0.920070194,-0.255715785,-0.383852493
0.988519925,0.234417333,-0.178351024,0.223195345,0.365894168,-0.303213889,-0.497117385
1.028267175,-0.202761822,-0.044199004,-0.214033594,-0.287596201,-0.595228412,-0.421283202
0.534265646,-0.417931132,-0.179298212,-0.014957133,-0.025519334,-0.333393628,-0.625356619
0.361866482,-0.049285108,-0.243186215,0.223195345,-0.121198191,-0.124617562,-0.24375872
1.338150746,0.168959904,0.240501279,0.081738923,-1.419696953,-0.640337929,-0.762628175
1.358326402,0.279894156,-0.031557546,0.223195345,-2.159573822,-0.531898193,-1.174783943
1.187860234,0.229996215,-0.042153412,0.223195345,-0.365958055,-0.691640087,-0.896770283
0.605182471,0.003639226,-0.285621931,0.223195345,-1.578735906,-0.807270511,-1.054829481
0.215925213,-0.245589753,-0.365514824,-0.398855922,-1.219330517,-0.340562546,-0.391333586
-0.170674174,-0.543211656,-0.217954557,0.223195345,-0.500614344,0.586119688,0.239175399
-0.473792255,-0.490461687,-0.303083749,0.223195345,-0.121198191,0.32947883,-0.106417859
-0.761808799,-0.789689453,-0.350815693,0.223195345,0.835590371,-0.400668676,-0.230417566
-1.009111594,-0.493923426,-0.042403923,0.223195345,0.835590371,-0.035091013,-0.512228028
-0.723632109,-0.027150064,-0.300081731,0.223195345,0.835590371,-0.530411335,-0.111859502
-0.059889287,3.025610547,0.410874119,0.223195345,0.599669904,-0.957576415,-0.371945098
0.038572744,1.115532024,-0.135533382,0.223195345,0.835590371,-0.081838308,1.444914628
-0.192057952,0.716051859,0.41362572,0.223195345,0.707702791,-0.614311095,1.814342292
0.048358541,0.455968282,0.860294433,0.223195345,0.835590371,-0.643782919,1.224087602
0.3110045,0.07340776,-0.482736179,0.223195345,0.835590371,0.880969684,2.536976372
0.634660674,-0.176256361,-0.418547259,0.223195345,0.835590371,-0.059272449,2.281112762
0.14198808,-0.385414822,-0.335112194,0.223195345,0.835590371,-0.083203217,1.378735583
0.272586186,0.920358289,0.455220223,0.223195345,0.835590371,-0.654953048,0.950464447
1.014494572,1.862650835,0.930620036,0.223195345,-4.03861551,-0.611901666,0.839833791
1.51369103,2.346597703,0.873066027,-0.282420685,-0.695271328,-1.15934935,0.098509901
1.705178539,1.935186253,1.292226211,0.223195345,-0.714407099,-1.250379511,-0.253256294
1.170463262,2.423583844,0.792442775,-0.008248612,0.104459489,-1.113251847,0.089430213
0.604336785,3.105382946,1.475474061,-0.478549323,0.002258398,-1.404957379,-0.507523427
1.105587052,3.043497066,3.429219338,0.223195345,-0.494064321,-1.338717386,-0.202167241
1.279919213,3.711387722,1.332860925,-0.042559711,-0.328071393,-1.458019826,-0.414472809
1.144005366,2.249861847,1.083302338,0.223195345,-0.613005395,-1.038790806,-0.269130832
1.115493662,2.773393846,1.333847907,0.223195345,0.127828969,-0.803682995,0.251214011
0.695550078,2.545768659,0.472951597,-0.071118464,-0.418452889,-0.83950613,-0.336282031
0.423601571,2.359865287,0.541227723,0.223195345,-0.987936064,-0.75879192,-0.552335013
0.129786037,2.265298026,0.593488773,0.223195345,-1.190550113,-0.465575346,-0.300799698
0.017793027,0.768034745,-0.22717024,0.223195345,0.285945878,-0.102007708,0.240743464
-0.283392057,0.502687369,-0.297767577,0.223195345,0.835590371,0.635034863,0.449144221
-0.526587234,0.274544935,-0.608850461,0.223195345,-0.456074187,-0.289514593,-0.286292767
-0.742599642,-1.193968491,-0.706293855,0.223195345,0.07578769,-0.630580566,0.690596876
-0.868848504,-1.082585725,-0.179977739,0.223195345,0.835590371,-0.148818708,0.859010914
-0.950276,-1.007408683,-0.637135206,0.223195345,-1.512890644,-0.284837651,0.840085642
-0.922851606,-1.094785891,-0.639064544,0.223195345,-1.747738746,0.797328858,0.556904414
-0.827047445,-1.251722722,-0.677671478,0.223195345,0.835590371,-0.209871457,0.766017656
-0.840457611,-1.383597822,-0.769970003,0.223195345,-0.197741275,-1.065578671,0.846676973
-0.707684885,-1.20469902,-0.707878597,0.223195345,0.835590371,-0.163874978,0.897037581
-0.496142533,-0.609018931,-0.057813659,0.223195345,0.137393313,-0.811124172,0.686451863
0.285754727,0.64990079,1.324277869,0.223195345,0.255066974,-0.89228436,-0.002751974
1.145455114,1.362770826,0.410625739,-0.370751196,0.835590371,-0.849193426,0.291788337
1.760510576,1.191695923,0.530681078,-0.019649793,0.293633214,-0.729437234,-0.7068405
1.392153848,0.825083029,0.647201256,0.223195345,-0.080483784,-0.597363822,-0.322078635
0.966652898,0.518690459,0.628982029,-0.174365646,-0.078862413,-0.834309797,-0.452668369
0.921952344,1.129338737,0.560475289,0.223195345,-0.074032557,-1.195783144,-0.466273543
0.956142227,1.983188379,1.057215586,0.223195345,0.476794661,-1.297274093,-1.010379151
0.949014301,2.002538787,0.935819526,0.223195345,0.178811782,-1.224680288,-0.726906053
1.078404283,2.059771213,1.473088847,-0.052210035,0.22051201,-1.261326388,-0.754277882
1.354943657,1.518704364,0.975050134,-0.043277968,-1.119361393,-1.070819468,-0.597385601
0.855505574,0.422129551,0.090848756,-0.069371794,0.261517234,-0.725512753,-0.524285189
0.458516329,-0.220949968,0.037444391,-0.065094497,-1.957197863,-0.694689413,-0.933610245
-0.050224302,-0.240985785,-0.342329658,0.223195345,-0.287596201,-0.319051522,-0.608557702
-0.124161435,0.086410161,-0.314567018,0.223195345,-0.338650136,-0.116987364,-0.423832008
-0.150981767,0.396434834,0.192054041,-0.350032131,-2.203620354,-0.13100848,-0.544762339
-0.466905954,0.082108782,-0.384733824,0.223195345,0.835590371,-0.292047517,-1.118008173
-0.689925475,0.89592868,-0.603606913,0.223195345,0.835590371,-1.344754232,-1.058804929
-0.750814879,0.934898883,-0.344585921,0.223195345,0.835590371,-0.081087867,-0.02697106
-1.017085206,0.600294193,-0.361897186,0.223195345,0.835590371,-1.662981043,0.106568257
-0.640634053,-1.071956573,-0.732640498,0.223195345,0.835590371,2.082569542,-0.016214548
-0.589288822,-1.046329577,-0.549962885,0.223195345,0.835590371,-0.07729026,0.01921309
-0.557877622,-1.278702302,-0.694946217,0.223195345,0.835590371,3.381665586,0.950509073
-0.478383123,-1.190227868,-0.675323973,0.223195345,0.835590371,-0.010908212,0.188587194
-0.797569242,-1.076498013,-0.681643281,0.223195345,0.835590371,1.096026055,-0.864761752
-0.671682817,-0.391918656,-0.678253178,0.223195345,0.835590371,-0.383045615,-0.780193629
-0.077527884,0.244966962,-0.435392036,-0.309751281,0.835590371,0.301704156,-0.515725657
0.309313128,0.229441562,-0.248876449,0.223195345,0.146702607,0.005787612,-0.74088267
0.632123616,0.716402845,-0.157774439,-0.326081122,-0.380093919,-0.6293622,-0.945447471
0.980787938,0.732543477,0.056043744,0.223195345,-1.294990344,-0.135220787,-0.654182543
0.489081843,0.356692939,-0.360916836,0.223195345,-2.219960197,-0.083854348,-0.633209165
0.683468847,0.676922866,-0.105498371,0.012521999,-0.961508145,-0.768048688,-0.475396051
1.343104051,1.649328234,0.183352504,0.052023251,-0.589694659,-0.530570619,-0.727528053
1.35301066,0.34350822,-0.264515709,0.051426833,-0.279515722,-0.380765596,-0.791968999
1.139776936,0.291608782,-0.17278472,0.223195345,0.17319829,-0.399542027,-0.932414555
0.623787566,-0.237685445,-0.301021292,0.223195345,-0.524056532,-0.729312993,-1.054956291
0.429038125,-0.25423716,0.574788751,0.223195345,0.008925054,-0.186407989,-0.84870269
-0.054331921,-0.033944964,0.38978064,-0.140624308,-0.666345162,-0.05059989,-0.914440085
0.029028572,0.226679971,0.376488363,-0.194580612,0.835590371,-0.187233233,-0.573476662
-0.115825386,2.373652727,1.08839159,0.223195345,-2.854879796,-1.015175091,-1.813613678
-0.330025608,2.55384751,0.334227455,-0.385416543,-0.778990327,-0.688984384,-1.826178471
-0.585906078,-0.291130142,-0.192340925,0.223195345,-0.109530037,1.361575409,0.542112875
-0.751902189,-0.5271548,0.034606522,0.223195345,0.835590371,2.460422689,0.483450201
-0.620337586,-0.754867259,-0.352197487,0.223195345,0.835590371,2.041418663,-0.078417066
-0.695241217,-1.24089236,-0.718575463,0.223195345,0.835590371,4.907170903,0.798271592
-0.773285968,-1.345668978,-0.73522885,0.223195345,0.835590371,3.888566302,0.775390569
-0.631452318,-1.292560653,-0.575568084,0.223195345,0.835590371,-0.424609123,1.073731202
-0.437790188,-0.214390241,-0.488839084,0.223195345,0.835590371,0.788482548,1.616246042
-0.572254287,-0.736982487,-0.625007515,0.223195345,0.835590371,1.106499071,1.011853517
0.037002184,-0.279850582,-0.360607487,0.223195345,0.255066974,0.04195575,-0.191641156
0.870123863,-0.228756925,-0.092362759,-0.087830289,0.052763366,0.227539047,-0.355373018
1.188101859,-0.306783436,1.573101928,-0.176784881,-0.361979418,0.020163736,-0.239649272
1.34986954,0.084659336,1.481946007,-0.131463381,-0.103802035,-0.207806152,-1.210398899
1.429605663,-0.082404266,-0.124653274,0.018215873,-0.164407997,-0.077117901,-0.445297831
1.43939146,0.721546119,-0.066675034,-0.1751688,-0.098143044,-0.580755907,-0.873106176
1.831306589,0.699262642,-0.152554862,-0.028002428,-1.731693223,-0.497208347,-0.658310648
2.018686479,0.547926664,0.599556717,-0.260114095,-0.002246099,-0.475641115,-0.808116374
2.109416523,0.735591575,0.09022693,0.223195345,-0.504816246,-0.607434899,-1.183630065
1.619039363,2.549601036,0.015469905,0.223195345,-0.315397849,-0.712379159,-0.55448183
1.661444483,0.533875966,0.264902004,-0.219597136,-2.276854348,-0.678332416,-0.769487961
0.651574397,-0.182259815,0.021258771,0.223195345,-1.652059889,-0.567456054,-1.026090021
0.301701952,1.158568155,0.515044471,-0.19106989,0.39399565,-0.766218707,0.111144931
0.558911357,2.003366955,-0.159785212,0.223195345,-0.654791812,-0.814079269,0.707480631
1.53724943,1.991686443,0.000808531,0.223195345,-0.295794643,-1.407462526,-0.583283029
1.741663856,2.069604941,0.074718658,0.223195345,0.23012261,-1.016877753,-0.422210933
0.232234875,1.183522406,-0.207468313,0.223195345,-0.799428057,-0.882897391,-0.486047565
-0.587235013,-0.440122095,-0.286807361,0.223195345,0.835590371,-0.385716613,-0.638042296
-1.054778647,-0.44644665,-0.635101599,0.223195345,0.835590371,0.972751928,-1.342637469
-1.171000087,-0.314308824,-0.327285458,0.223195345,0.835590371,-0.064483552,-1.787145676
-0.999567422,-0.913540076,-0.49690392,0.223195345,0.835590371,0.131905591,-0.96629407
-1.17063765,-1.045709052,-0.600900316,0.223195345,0.835590371,-0.862012721,-0.684830719
-0.998480111,-0.909075119,-0.576810599,0.223195345,0.835590371,0.111809786,-1.02614981
-0.867882006,-1.10263937,-0.422087205,0.223195345,0.835590371,-0.079338132,-0.421206754
-0.833812935,-1.060252989,-0.217831291,0.223195345,0.835590371,-0.134465563,0.703279497
-0.441172932,-0.764778028,-0.540796612,0.223195345,-0.394566351,-0.543830061,-0.345947769
0.426017818,-0.221865813,-0.401640802,0.223195345,0.164595795,-0.294676418,-1.053909433
0.753056736,0.317276578,0.038186119,0.223195345,-2.034775314,-0.693941183,-0.494664476
0.798965414,-0.305599116,-0.153998715,0.223195345,-1.512890644,-0.334099317,-0.399956066
-0.04068013,-0.261681051,-0.510393603,-0.071118464,-0.469121304,-0.708004615,-0.177047661
0.751969426,0.314496069,-0.15465915,0.008391149,-2.255572675,-0.63099033,-1.18775641
1.698171425,-0.048687453,0.107604091,0.090675014,-1.997738338,-0.398612379,-0.777102443
2.270700955,0.309268816,0.127065217,-0.035245352,-2.854879796,-0.497473542,-1.410570871
1.993919956,0.297824033,0.474105618,0.223195345,-1.293527033,-0.78978612,-1.423843376
1.213834881,-0.063665114,0.147709168,0.063656306,-0.43230122,-0.518240585,-1.740916145
0.2795933,1.427532109,0.283371932,-0.099010949,0.104459489,-1.096657825,-1.750076574
-0.193990949,0.212943106,0.062689361,0.223195345,-0.271550679,0.075020218,-2.164965997
-0.375451036,-0.465531926,-0.414483551,-0.267327669,-0.799428057,0.479756617,-0.952837484
-0.85241803,-0.418613906,-0.504211063,0.223195345,0.835590371,0.362266266,-0.219065162
-0.961753169,0.324124332,-0.65813209,0.223195345,0.835590371,1.159409287,0.581346117
-0.56875073,-0.633105228,1.705610747,0.223195345,0.17319829,0.272035192,0.629024534
-0.708288946,-1.125303717,0.31010235,0.223195345,-0.365958055,1.388053555,0.700905977
-0.878875926,-1.22428574,-0.685692114,0.223195345,0.835590371,-0.038702144,0.283143194
-0.677240183,-1.340307474,0.853972756,0.223195345,0.835590371,1.984704373,0.649129655
-0.746586448,-1.350798399,-0.65756716,0.223195345,0.835590371,1.02635343,0.766011287
-0.716624995,-0.981172761,-0.65797931,0.223195345,0.835590371,-1.051134978,0.179937724
-0.589530447,-1.233586722,-0.706785451,-2.593808248,0.835590371,1.084101879,0.662849177
-0.701523457,-0.769854848,-0.539010674,-0.641674179,0.835590371,-0.016911908,0.400983955
0.037122997,-0.312644536,-0.215558494,0.223195345,-1.009644712,-0.251169701,0.898651232
1.200787151,0.013974298,1.016574429,-0.057702449,-0.394566351,-0.291191623,0.083988972
1.530483941,0.199149132,0.650263107,0.223195345,-0.287596201,0.066186559,-0.424877556
1.894974675,0.429329811,0.42979566,0.223195345,-2.264404569,-0.637930302,-0.084562205
1.783344103,0.134581082,0.093879104,0.018215873,0.12588457,-0.584725896,0.049914215
1.393966033,0.144150742,-0.145627135,0.223195345,-0.255957143,-0.43756876,0.189495271
1.481554956,0.581020826,0.462157094,0.027957472,0.195095549,-0.805423989,0.137977659
1.765584693,0.652698394,0.014449098,-0.11561952,-0.694012395,-0.672766041,-0.661764568
2.167527243,1.09975775,0.129039465,0.045225804,-0.293733833,-1.00287481,-0.912908548
1.991624522,1.130655864,0.043854419,-0.133387389,-0.01605659,-1.032802465,-0.204152871
1.484333639,-0.049289363,-0.15278704,0.223195345,-0.345360082,-0.346172502,-0.305652696
0.572563148,-0.186527334,-0.352088006,-0.053757256,0.365894168,-0.173666652,-0.272185772
0.153102813,-0.44520393,-0.285945256,0.223195345,0.835590371,-0.039568244,0.706057001
0.024437704,-0.47563104,-0.384515621,0.223195345,-3.670216228,-0.501913212,-0.645608343
0.017188966,-0.611632824,-0.482024106,0.223195345,-0.08702717,0.059683704,0.035288436
-0.432716071,-0.190891546,-0.447536071,-0.612356568,-1.512890644,0.420327604,-0.095061699
-0.717470682,0.323606604,-0.514816782,0.223195345,-0.684014992,0.276046739,0.120139564
-0.889144972,0.393510528,-0.617262214,0.223195345,-4.331067862,-0.841342627,1.002441965
-0.565851234,0.501533819,-0.590294644,0.223195345,0.53865599,-1.092387658,0.973410687
-0.646070607,0.966652542,-0.014361826,0.223195345,0.835590371,-0.781908613,1.477618366
-0.676394497,-0.158115776,-0.574683713,0.223195345,0.835590371,-0.369222052,1.388190097
-0.678689931,-1.198867779,-0.467859397,0.223195345,0.835590371,-0.720417354,0.621986669
-0.39393532,-1.04211866,-0.421701584,0.223195345,0.835590371,-0.307989274,0.330823036
-0.667454386,-0.935128774,-0.357918608,0.223195345,0.835590371,0.152351176,-0.171759203
-0.597504059,-0.602850356,-0.39099311,0.223195345,0.835590371,0.042031023,0.344937289
0.040143304,1.045071725,0.046572148,0.223195345,-0.394566351,-0.818961528,-0.033124601
0.578845388,1.376466259,0.045944732,-0.157480817,0.205510099,-1.32023175,-0.579859572
1.199699841,0.766634879,0.059729979,0.022798748,-1.028667754,-1.021692456,-0.417241027
1.078645908,2.132606129,0.001120202,0.014307366,-0.778990327,-1.325862771,-0.584360062
0.592497179,1.340887998,0.184375821,-0.324555354,-0.987936064,-1.068447259,-0.483568335
0.698932822,0.303633974,0.011397385,0.223195345,-0.88662904,-0.851649153,0.105467031
0.992385919,0.71538119,0.390083026,0.003607091,-0.328071393,-1.356311834,-0.405306186
1.588111412,1.473745447,0.213948892,0.223195345,0.057479191,-1.065094369,-0.744353732
1.879269075,2.477535279,1.223873103,0.223195345,-0.768961875,-1.299122342,-0.385063267
1.426585356,3.194490618,0.895352515,0.056367721,-0.909902275,-1.607572736,-0.978096427
1.471769159,1.334456316,0.721908113,0.223195345,-1.317183893,-0.92485422,-0.468942336
-0.00455725,2.026154384,0.208704823,-0.821982667,-0.933813133,-1.215780365,-0.584212796
-0.170553361,1.242573504,-0.143685859,-1.852491513,-1.711353828,-1.314270789,-0.741554374
0.030840757,2.074371271,0.501879108,0.223195345,-2.282220632,-1.370375254,-1.743366255
-0.255121977,2.742842818,-0.035268179,0.223195345,-0.456074187,-1.010512707,-2.724401212
-0.443468366,-0.402078172,-0.380582806,0.223195345,0.835590371,0.54132649,0.728531742
-0.516801437,-0.333884907,-0.499543862,-2.18156382,0.167488013,0.197209429,1.754260636
-0.432595258,-0.512931914,-0.599563575,0.223195345,0.835590371,-0.161885231,2.109092293
-0.559931431,-0.789817296,-0.731542615,0.223195345,0.835590371,0.473240205,1.294406192
-0.522358803,-1.341270424,-0.73747147,0.223195345,0.835590371,0.131005533,1.394737284
-0.405170864,-1.256520608,-0.534908309,0.223195345,0.835590371,-0.736293017,1.055647033
-0.221052906,-0.842124019,-0.37761755,0.223195345,0.835590371,1.595805026,0.246773579
-0.906662757,-1.02747917,-0.317824759,0.223195345,0.835590371,0.156222743,-0.04730756
-0.851572344,-0.682047943,-0.342524743,0.223195345,0.835590371,-0.494163943,-0.698264049
-0.115462949,-0.012810934,-0.074117286,0.223195345,-1.648379933,-0.925595969,-0.879001388
0.704127752,-0.304941008,0.115008871,-0.035584513,0.835590371,-0.532833304,-0.756180186
1.803157321,0.095745054,0.249278567,0.223195345,0.835590371,-0.80821308,-0.797091421
1.61783124,-0.298702281,-0.174822117,0.223195345,-1.549021121,-0.722909635,-0.878848963
1.28390602,-0.073854058,-0.02936808,0.223195345,-2.825820975,-0.937687457,-0.504157074
1.419336617,-0.336847937,0.344837249,0.074034791,-1.137786037,-0.565601574,-0.615074911
2.526702236,0.183684918,0.16076704,0.125090742,-1.366110581,-0.608235625,-1.195581762
2.687745043,0.587914318,0.412972391,0.223195345,-1.353671592,-0.945280429,-1.4268058
2.94036358,0.500894908,0.223746323,0.223195345,-0.979721981,-0.880303545,-1.544413182
2.247746616,1.705828145,0.281816136,0.223195345,-0.722196031,-0.716996326,-1.18652881
0.902501562,0.151754386,0.005081346,0.023205232,0.26573836,-0.403207782,-0.933992289
0.462140698,0.341836765,-0.125244639,-0.158956306,-1.806450771,-0.593087071,-0.057630985
0.141746456,-0.016320614,-0.372735936,-0.168055154,-1.512890644,-0.533346628,0.527235102
-0.410003357,-1.105211222,-0.403965046,0.223195345,0.835590371,0.245015089,0.401660028
-0.871868812,-0.522895563,-0.418277135,0.223195345,0.835590371,0.039468968,0.820376005
-0.97226384,0.537073484,-0.100171209,0.223195345,0.835590371,-0.951617708,1.375921255
-0.98011664,-0.563108233,-0.601873039,0.223195345,0.835590371,-0.206863207,0.900424496
-0.855317525,-1.334110128,-0.668770166,0.223195345,0.835590371,0.027397489,-0.432295946
-0.913065809,-0.687905446,-0.731668913,0.223195345,0.835590371,-1.021634144,-0.1073518
-0.887211975,-0.584860534,-0.503571472,0.223195345,0.835590371,-0.77308116,-0.205454181
-0.867398756,-1.354896718,-0.687675079,0.223195345,0.835590371,-0.466937869,-0.666859364
-0.819919519,-0.618291194,-0.674560405,0.223195345,0.835590371,0.581556189,-0.665232173
-0.48031612,-0.846081605,-0.498910145,0.223195345,-1.512890644,0.838119987,0.117541326
0.163492671,0.122631765,-0.097930816,0.223195345,-0.338650136,-0.661326435,0.009834774
1.254548629,0.840875334,0.499300562,-0.024531102,-0.952868248,-0.824573257,-0.221660198
1.769450687,0.84819632,0.502146437,0.006025464,-0.534356888,-0.950810751,-0.982784866
1.838313703,1.045992128,0.539332494,0.223195345,-0.489193791,-1.048291786,-0.936737946
1.54244436,1.795452862,0.348166429,0.223195345,-0.861487151,-1.07530074,-0.868556797
1.306014672,3.799075598,0.402972437,-0.218935264,-0.287596201,-1.40991818,-0.985680366
1.753986712,2.420478232,1.199711946,0.023205232,-0.469121304,-0.686474215,-0.602967123
1.980630602,2.187582587,0.615507932,0.059143555,-0.555432999,-0.925160958,-0.714480979
2.074501766,1.48061645,0.735226019,-0.135985441,0.002258398,-0.846555773,-0.79708692
1.941487414,0.932373807,0.365329793,0.052910153,-0.197741275,-1.096248977,-0.899037833
1.743838478,0.576529759,0.168178547,-0.167280401,-0.157997751,-0.342111002,-0.998137063
0.906850805,-0.107886021,-0.14443114,-0.277287527,0.07578769,-0.45866583,-0.907366368
0.209884598,-0.735011456,-0.526081469,0.223195345,-0.579932432,-0.296110437,-0.362176653
0.032894566,-0.044574545,-0.342248792,0.223195345,-4.411796897,-0.003644417,0.014188868
-0.25995447,-0.730667251,-0.446210226,0.223195345,-0.338650136,0.186844806,-0.766714257
-0.490947603,0.730864753,-0.294306225,0.223195345,0.835590371,-0.137297894,0.077889363
-0.714087937,-1.162478749,-0.427586096,0.223195345,-0.573498238,0.137985148,0.972182625
-0.426071394,0.460772524,-0.253297828,0.223195345,0.835590371,0.722553593,1.502342711
-0.504236957,-1.093071711,-0.302572351,0.223195345,0.835590371,-0.058460341,1.404731385
-0.518734434,-1.211344905,-0.690151487,0.223195345,0.835590371,2.660649979,1.990853795
-0.515110065,-1.37035103,-0.722243791,0.223195345,0.835590371,-0.035712575,1.271011931
-0.4536166,-1.280306088,0.083698325,0.223195345,0.382374737,0.9780162,1.548177193
-0.312991073,-1.097574124,-0.639566041,0.223195345,0.835590371,0.044630488,0.911791082
-0.557031936,-0.93935828,-0.361707123,0.223195345,0.835590371,0.515447277,1.503295039
0.308105005,-0.496340348,-0.091831465,0.223195345,0.835590371,-0.296832222,0.418052941
1.131682511,0.361499131,0.388956718,0.223195345,-0.477966807,-0.697546257,0.100481459
1.684640447,2.631070014,1.615338296,0.034315793,-0.804618592,-0.908344523,-0.731479897
1.914425457,2.504459421,1.882253436,0.012971196,-0.204676387,-1.359981828,-0.502128122
1.792284213,0.733185402,0.404725403,0.223195345,0.17319829,-0.813771045,0.002236272
1.799049703,1.190817535,0.646344789,0.063397734,0.345084843,-0.524048522,-0.517430202
1.973019427,1.227772539,0.610044618,0.223195345,0.129762744,-0.6332963,-0.578554113
2.283144622,0.898579447,0.728263851,0.223195345,-0.055212772,-0.734711886,-0.45898616
2.24061869,1.264060166,0.352954859,0.223195345,-0.257882271,-0.914866083,-0.456213374
2.151459206,1.67809607,0.514659892,-0.092814674,-0.172538065,-1.218422023,-0.704908669
1.558270772,1.530300239,0.013541799,0.03890539,0.183234534,-0.676084466,-0.52540319
0.810321771,0.934794947,-0.107092446,-0.030915804,-1.453435428,-0.751745937,-1.544672111
0.11734237,-0.223706139,-0.284285332,-0.123970591,0.107892028,0.379767441,-0.891417552
0.169895724,1.215170331,-0.269526511,0.223195345,-2.203620354,-0.16851748,-0.211615477
-0.180218346,-0.06003762,-0.383025816,0.223195345,0.040719874,-0.014031473,-0.349821965
-0.273968697,0.378930223,0.072153282,0.223195345,-4.118739442,0.098959903,-0.361547456
-0.114738075,1.131657385,-0.247357746,0.223195345,0.687123181,-0.88140692,0.068984232
-0.580711148,1.031043516,-0.526931446,0.223195345,-0.011402782,-0.54469345,0.002325718
-0.658997524,-0.245311426,-0.689424965,0.223195345,-1.077986752,-0.269878525,0.609740768
-0.677240183,-0.0073362,-0.604268296,0.223195345,0.835590371,0.437717174,0.804034619
-0.622028958,0.165713203,1.671634488,0.223195345,0.835590371,1.279894647,1.75032809
-0.547246139,-0.180395353,0.303859218,0.223195345,0.835590371,-0.070643243,2.09865516
-0.550024822,-0.16636408,-0.186720946,0.223195345,0.835590371,-0.237116874,1.558722562
-1.083531976,-0.573858288,-0.658891537,0.223195345,0.835590371,-0.199209715,0.750364468
-0.946168381,-0.364217909,-0.638198365,0.223195345,0.835590371,1.306672152,0.610881972
-0.49602172,-0.036312895,-0.510047444,0.223195345,0.835590371,-1.239278516,0.948188961
0.336012648,-0.052925037,-0.088774966,0.223195345,0.535203265,-0.419843747,0.505695511
0.819020257,0.039672738,-0.160733963,0.007451087,-0.536088806,-0.533112806,-0.220378348
0.824698435,0.963981793,-0.163845888,0.223195345,-0.599592471,-0.951466094,-0.631391424
0.073729126,0.20307263,-0.367353347,-0.222936446,-0.867703552,0.02343269,-0.707464575
0.478933609,-0.080039171,-0.27354872,0.223195345,-0.560803746,-0.207515741,-0.03502533
0.938866067,0.42721602,0.263304613,0.01474899,-0.8017309,-0.281165309,-0.571676217
1.298403497,0.241155428,-0.100925349,0.07380879,-1.305290112,-0.669037051,-0.997314248
1.137239877,1.659781676,-0.021296422,-0.361072067,-0.312555903,-0.945538515,-1.091868836
0.286600414,-0.210856096,-0.305852121,0.223195345,-0.014188943,-0.462833185,-0.663725305
-0.354308882,-0.424262019,-0.355221344,-0.829421656,-0.208178969,-0.002161672,-0.344189139
-0.615746718,-0.740986545,-0.347516737,0.223195345,0.273997085,-0.741536784,-0.515252459
-0.706718386,0.052346313,-0.355502649,0.223195345,0.835590371,-0.245017344,0.079105538
-0.889507409,-0.848211831,-0.578262979,0.223195345,0.835590371,0.073808501,0.0898305
-0.902071889,-0.24371197,-0.514427608,0.223195345,0.835590371,-0.320089459,-0.301738236
-0.561622804,0.59209606,-0.334978695,0.223195345,-0.109530037,-0.668783564,-0.018177651
-0.692220909,0.127637573,-0.299686019,0.223195345,0.835590371,-0.097137014,0.255215901
-0.863291138,0.202124748,-0.46959635,0.223195345,0.835590371,-1.018560701,-0.122918173
-0.917898301,-1.2829098,-0.547614338,0.223195345,0.835590371,0.349381092,-0.36858719
-0.991956246,-1.353068346,-0.745893076,0.223195345,0.835590371,0.34532868,-0.471965337
-0.919468861,-1.130853693,-0.708148532,0.223195345,0.835590371,-0.846761713,-0.32633131
-0.627465512,-1.110073054,-0.654067577,0.223195345,0.835590371,2.162874347,0.102929684
-0.521029868,-0.519532163,-0.458967039,0.223195345,0.835590371,0.097645802,-0.394755057
0.259538457,0.125297195,0.02270954,-0.084914423,-0.469121304,-0.849450887,-0.077748651
1.265180112,0.433166696,0.791652583,-0.085880285,-0.369963217,-0.569300095,-0.555649706
1.449056445,0.39996128,0.52942184,0.007922144,0.018081157,-0.66505471,-0.287307152
1.595722588,0.811072978,1.102953054,0.223195345,0.269897864,-0.563046221,-0.120501205
1.79264665,0.986565023,0.322931123,0.223195345,-0.133158048,-0.923438094,-0.187165671
1.475031091,0.888795179,0.444455613,0.014307366,-0.287596201,-0.377661206,-1.006160804
1.280644087,1.69283671,1.227474303,0.009323055,0.500093083,-0.943433568,-0.795739199
1.703366354,1.328539298,1.087762327,-0.16650871,0.071291816,-0.791159415,-1.387915918
1.832756337,0.843987658,1.230315109,-0.091302664,0.305676706,-0.691076394,-0.886158711
1.634140902,0.968657585,0.438121951,0.040273033,-0.218829676,-0.71297019,-0.850578496
1.203686647,0.27758698,0.49440611,0.009323055,-0.247242193,0.081400263,-0.560781735
0.264008512,-0.570727781,-0.087845637,-0.461493029,-1.317183893,-0.715387627,-0.736493875
-0.174540168,-0.523270734,-0.524098315,0.223195345,-1.823719014,-0.098617329,-0.091528564
-0.197252882,-0.246958594,-0.535769135,-0.154563758,-0.626671393,-0.418093586,-0.040840096
-0.526708047,-0.195985182,-0.485479395,0.223195345,-0.197741275,0.887792714,0.1932012
-0.995218179,0.451380547,-0.519591237,0.223195345,0.835590371,1.577469983,0.157952393
-0.415077474,-0.937532161,-0.6406788,0.223195345,0.835590371,1.524172943,1.257923497
-0.375209412,-1.097020357,-0.686184847,0.223195345,0.835590371,2.094435134,1.203450511
-0.356966753,-1.122440419,-0.703709056,0.223195345,0.835590371,2.054575084,1.101107832
-0.470409511,-1.417742611,-0.759228463,0.223195345,0.835590371,-0.581662205,1.156260856
-1.316616497,-1.31875918,-0.753820218,0.223195345,0.835590371,0.741401461,1.002497654
-1.095613207,-1.011329142,-0.697647697,0.223195345,0.835590371,0.78038888,0.915409733
-0.866190633,-1.090255088,-0.652013504,0.223195345,-0.240796761,1.11784777,0.432673684
-0.615505093,-1.001855415,-0.675504656,0.223195345,-1.247739562,0.211073306,0.239311115
-0.002745065,0.736147646,-0.385258818,-0.122752465,-1.151585872,-0.43369258,-0.349287709
0.740129819,-0.277150989,-0.152889983,0.223195345,0.528051191,-0.089005096,0.200019808
1.214197318,-0.189086549,-0.39357156,-0.018459375,0.574648036,-0.417504185,0.094863084
1.468507227,-0.045692057,-0.187242624,-0.021457573,0.582322811,-0.167187525,-0.033203323
1.16514752,-0.223102988,-0.154754987,-0.019649793,0.835590371,0.348357573,0.459566822
1.245608518,0.859067482,-0.015287174,0.009323055,0.835590371,-0.094233651,-0.07961551
1.533866686,2.215909279,-0.229221328,-0.034907079,0.658650021,-0.638881789,0.091770671
1.563707326,3.185905865,-0.133642606,-0.329674519,0.318924548,-1.095953307,-0.222328758
1.780444607,2.557855544,-0.047249486,-0.462683791,0.835590371,-1.030551833,-0.180473423
1.936775734,1.032331139,0.199239054,-0.114459196,0.497900291,0.104190663,0.103853128
1.106191114,1.190149651,0.084425605,0.223195345,0.418924385,-0.614313615,-0.082345177
0.187171884,0.171769132,-0.215372932,0.223195345,0.461194847,-0.038416483,-0.069796821
-0.369168796,0.175263186,-0.355894286,0.223195345,-0.456074187,0.034718054,-0.866779592
-0.34319415,0.955958988,1.350922871,0.223195345,-0.684014992,-0.306627149,0.389521617
-0.671562004,-0.247169708,1.688207956,0.223195345,-0.139250805,1.604184378,0.220700198
-0.931550092,1.380718937,1.41998502,0.223195345,-0.946015916,-0.264037901,-0.272873547
-0.935295274,-1.051452565,-0.66702497,0.223195345,0.835590371,0.646212486,0.413241599
-1.02928725,-1.104023255,-0.72856452,0.223195345,0.835590371,0.775341307,0.890201349
-1.147320875,-1.084228664,-0.738302592,0.223195345,0.835590371,-0.414527595,0.885675523
-0.958370425,-1.355121963,-0.714294215,0.223195345,0.835590371,0.195684542,1.843333763
-0.884916541,-1.342551209,-0.625475519,0.223195345,0.835590371,0.52508624,2.487093232
-0.787904257,-1.169232951,-0.715029643,0.223195345,0.504394331,-1.541616489,2.110529672
-0.52477505,-0.998027242,-0.558565743,0.223195345,0.18433093,0.379393459,1.594981669
-0.413023664,-1.008710032,-0.612533048,-0.571926637,0.835590371,0.290995132,1.151309177
0.336616709,-0.556653403,-0.436273659,0.223195345,0.002258398,-0.192910881,0.469502712
1.137843939,-0.056500867,-0.05993197,-0.143329286,-0.837068769,-0.52032713,-0.426187176
1.257931373,-0.189048105,-0.217349833,-0.281127549,-3.530599685,-0.76641612,-0.67768719
1.573976372,-0.417879367,0.025951743,-0.350032131,-0.873965662,0.177941298,-0.194384192
1.539665676,0.213082953,-0.256442299,-0.249682956,-0.588291819,-0.658293182,-0.440013277
1.166355643,1.665175116,-0.318985649,0.024414849,-1.054650446,-0.728935004,-1.237573353
1.556216963,1.614309539,-0.177151951,0.008391149,-0.790281101,-0.577070743,-1.542047986
1.91406302,0.912316565,0.081440404,-0.108774776,0.30476932,-0.827150822,-0.963515607
1.944749347,1.147455566,-0.203115247,0.223195345,-1.196241518,0.639813722,-0.264209599
1.669538908,2.193080848,0.056629092,0.223195345,-0.498523257,-0.91614741,-0.208957717
1.363038082,1.834494811,-0.166728146,-0.182545914,-0.946015916,-0.768387089,-0.37890123
0.365370039,0.955890204,-0.365003805,0.223195345,-0.863968258,-0.258960122,-0.312452879
-0.211750359,0.806114276,-0.338734428,0.223195345,-2.641968055,-0.161860651,0.399444477
-0.306346396,0.42557303,-0.402512192,0.223195345,-1.791523985,-0.657448303,0.778119968
-0.528036982,0.474187299,-0.523886318,0.223195345,0.234816158,-0.624722361,0.906871173
-0.783192577,-0.544672353,-0.57064985,0.223195345,0.835590371,0.266871861,1.098362382
-0.627707136,-0.795004408,-0.587907677,0.223195345,-0.524056532,0.175559473,1.076064155
-0.695724466,-0.611019365,-0.540096335,0.223195345,-1.813977954,0.685129285,1.22980085
-0.526708047,-0.560563833,-0.58845219,0.223195345,0.835590371,-0.234261369,0.723418126
-0.603786299,-1.300791609,-0.713173782,0.223195345,0.835590371,-0.253686229,1.376177741
-0.658635087,-1.347193875,-0.631976694,0.223195345,0.835590371,0.200400268,1.169777715
-0.564884736,-1.081878815,-0.639225756,0.223195345,0.835590371,0.150549786,0.891840497
-0.551837007,-1.16043121,0.958566818,0.223195345,-0.240796761,0.745961164,0.579927055
-0.678085869,-1.108585892,-0.677187698,0.223195345,0.835590371,1.282289745,-0.147102695
-0.545554767,-1.00622145,-0.485461251,0.223195345,0.835590371,1.057656679,-0.217677373
0.410312217,0.240115919,-0.222929544,0.223195345,-0.640597695,-0.694909943,-0.618126016
1.117305846,-0.071660618,-0.064421235,0.223195345,-0.588291819,-0.575104133,-0.516572511
1.506321479,0.45535852,-0.052912574,0.223195345,0.438155123,-0.709202554,-0.537715941
1.200303902,0.838502996,0.197556201,0.223195345,-1.194168221,-0.52106278,-0.264912779
0.534265646,-0.147886514,-0.312851951,0.223195345,-0.90597982,-0.866534373,-0.587383525
0.438461485,0.072305722,-0.418488705,-0.973347443,-0.482434688,-1.176478767,-0.147512264
1.392999534,0.072237977,-0.076222807,0.223195345,-0.946015916,-0.220410874,-0.747500614
1.75495321,0.161547062,-0.076842122,0.223195345,-1.747738746,-0.524525301,-0.931746707
1.339479681,-0.046012804,-0.254507892,0.052023251,0.028300022,-0.788176238,-0.815865435
1.493394562,1.226728142,-0.064815904,0.223195345,-0.446913446,-0.992869918,-0.62236951
0.506358003,-0.183378998,-0.107500001,0.223195345,-1.624723073,-0.799666336,-0.974329064
0.11420125,0.034058815,-0.40251006,-0.308314767,-0.804618592,-0.633533116,-0.315823268
-0.108335023,0.062503954,-0.494856765,-0.67312398,-1.549021121,0.328957628,0.045332366
-0.218274223,0.139466493,-0.162254466,-0.216961467,-2.145173994,0.124558786,-0.073939874
-0.387290643,0.120822843,-0.103654069,0.223195345,-2.533969346,-0.082023825,0.947856961
-0.344402273,0.546760629,-0.473457821,0.223195345,0.486491842,0.500069215,0.736540641
-0.445884612,-0.015343759,-0.585910596,-1.506543703,0.835590371,1.092139288,1.115853321
-0.416527221,-0.326374436,-0.619654723,0.223195345,0.618503891,0.834949532,1.440960677
-0.593758878,-0.246338044,-0.637366674,0.223195345,0.835590371,0.400464553,2.049001363
-0.689683851,-0.606950448,-0.708010674,0.223195345,0.835590371,2.388671623,1.36190128
-0.722786423,-0.848098728,0.571557634,0.223195345,0.835590371,0.526108677,1.021999958
-0.600041118,-1.071405187,-0.73637894,0.223195345,0.835590371,1.692315325,1.12222839
-0.952450621,-1.113366632,-0.043415729,0.223195345,0.835590371,1.339143651,0.376579056
-1.052120776,-1.295484074,-0.714738911,0.223195345,0.835590371,0.738325889,1.046362843
-0.514022754,-0.912516927,-0.659319036,-0.417032745,0.835590371,0.154365955,0.185521952
0.185722136,-0.755659769,-0.504645195,-0.38730079,-0.070840898,0.206335647,0.0764802
0.816604011,-0.075891517,0.139880205,0.223195345,-2.034775314,2.022574596,-0.602562587
0.70823537,0.264270189,0.437660437,0.223195345,-0.915819199,-0.462601833,-0.862360711
0.151653065,-0.302444474,-0.466326292,-0.050680005,-0.730063639,-0.441152898,-0.869326913
0.166392167,-0.060346439,-0.394005645,0.223195345,-2.06406476,-0.373798259,-0.488585168
0.662326693,0.31986826,-0.131068893,0.064427026,-1.794145855,-0.467465182,-1.535555168
0.557219984,0.919533033,0.002299141,0.223195345,-0.671351614,-0.731153168,-3.048467205
0.735055702,0.37587896,0.79683862,0.223195345,-2.828706248,-0.699327909,-1.574868356
0.654473893,1.053895195,-0.187159389,0.223195345,-1.060430999,-0.737814819,-0.932054256
-0.275901694,-0.50412369,-0.538259471,-0.222936446,-1.453435428,0.501330187,0.080634822
-0.650057413,-0.170730014,-0.530263706,0.223195345,0.835590371,-0.012675723,0.682483726
-0.740666645,-0.412577656,-0.449868984,0.223195345,0.835590371,-0.174013924,0.084915408
-0.681347801,-0.446647127,-0.608523393,0.223195345,0.835590371,1.227624994,0.518608331
-1.049462905,-0.610971196,-0.639655009,0.223195345,0.835590371,-0.624062103,-0.929491926
-0.330871295,2.467928517,-0.077053124,0.223195345,-0.070840898,0.185599089,2.235944731
-0.353704821,1.91267239,1.305015901,0.223195345,0.835590371,-0.51943256,1.1427111
-0.427521141,1.433792338,0.672412354,0.223195345,0.835590371,1.211372555,1.223714419
-0.515110065,0.259872471,1.333928205,0.223195345,0.835590371,2.426552798,1.334534129
-0.514264379,-0.281292108,-0.697439301,0.223195345,0.835590371,2.960618474,1.490580442
-0.522117179,-0.813979873,-0.687355307,0.223195345,0.57725746,0.322761283,1.396666442
-0.371343418,-1.005620882,-0.665131257,0.223195345,0.365894168,0.939801715,1.171110739
-0.245094556,-0.161092279,-0.311542355,0.223195345,0.835590371,0.043260282,0.37452524
0.385787319,0.742264026,0.422804025,0.223195345,-0.121198191,-0.940110602,-0.637642685
0.976317882,2.083197983,0.879834105,0.223195345,-1.788103263,-1.177975703,0.000939665
1.504871732,0.719072479,0.625976695,-0.29985572,-1.214670833,-0.852497827,-0.303464335
1.640060705,0.30086785,0.504446236,-0.143329286,-0.555432999,-0.774569749,-0.655125237
1.710373468,1.166631279,0.479276732,0.223195345,-0.317681556,-0.727134512,-0.370283227
1.849428435,0.693462754,0.287872662,0.223195345,-0.41153403,-1.08643152,-0.957360982
1.906693469,0.46044856,0.317097205,-0.453659065,-1.009644712,-0.590294499,-0.65103858
1.822728915,1.211755292,0.926180276,0.069620382,-0.817740264,-1.114370729,-1.023806335
1.912975709,0.646562614,0.308304047,0.019486407,-0.41153403,-0.568580861,-0.726322219
1.910801088,1.310663668,0.45162684,-0.214033594,-0.394566351,-0.846474326,-0.580215911
1.784673038,0.702116189,0.175657277,-0.003460117,-0.844623688,-0.422677497,-0.478027347
0.959404159,1.031556179,-0.000743145,-0.080174273,-1.512890644,-0.564753981,-0.827716165
0.036277311,-0.071092568,-0.496985024,0.223195345,0.33879631,-0.574419685,-0.321600315
-0.098911662,0.133387518,-0.396804525,0.223195345,-1.747738746,-0.597382017,0.277001656
-0.412419603,-0.588286032,0.050568634,0.223195345,0.835590371,-0.197444285,0.666059809
-0.755526559,-0.546063811,-0.637776266,-0.724834711,0.835590371,-0.724532119,0.705123398
-0.483940489,-0.340438202,-0.575945699,-1.602640317,0.835590371,0.139035766,0.863909146
-0.245094556,0.209040577,-0.625877531,0.223195345,0.835590371,-0.387277244,0.982295511
-0.365061178,-0.14588603,0.847338651,0.223195345,0.60074227,-0.794932792,1.130644864
-0.460019652,-0.428801939,0.079439864,0.223195345,0.835590371,-0.375165628,0.949139423
-0.479832871,-1.057923983,-0.668658033,0.223195345,0.835590371,0.128581817,0.420419499
-0.452408477,-1.120334657,-0.743379196,0.223195345,0.835590371,1.384361243,0.507112837
-0.159438629,-0.430231156,-0.661853998,0.223195345,0.835590371,0.923657666,0.160720079
0.289499909,0.503144013,0.340579925,0.223195345,-0.858395935,-0.236790141,-0.05126834
0.807059838,0.848380234,0.428397096,0.223195345,-0.03275555,-1.049616232,-0.102206113
1.388891916,0.697177292,0.252424932,-0.051442889,0.124582357,-0.833288623,-0.544541735
1.731998871,0.447926026,0.78933175,0.223195345,-0.804618592,-0.762437853,-0.68247686
1.689472939,0.374011485,0.652489383,0.223195345,-0.107230474,-0.909030739,-0.929605365
1.783827352,0.595071727,0.51567705,-0.208293171,-0.983655486,-0.938395612,-1.100870652
1.551142846,1.156279644,0.243526795,-0.40346859,-0.308922529,-1.139401061,-1.349364413
1.850153309,1.268060856,0.527076373,0.223195345,-0.386254481,-1.249764675,-1.232194748
1.895337112,0.191326778,0.54147596,-0.095882732,-0.909902275,-0.974583433,-1.305517054
2.287856302,1.319793526,0.941864257,0.05022144,-0.630128277,-1.165042039,-1.353725088
2.112557643,1.461261788,1.392141465,-0.112162226,-0.524056532,-1.039539509,-0.594042336
1.755798896,2.249895657,0.487478288,0.059958382,-0.321124159,-0.994602893,-0.998565765
0.713309487,0.717965984,0.248169171,0.223195345,-5.00765406,-0.655657918,-1.124955424
0.125074357,0.330745525,0.072371532,0.223195345,-0.489193791,-0.452137937,-1.357730338
-0.170432549,-0.497402943,0.051018493,0.223195345,-0.92577039,-0.286299567,-1.229166208
-0.350684513,-0.482764668,-0.374103707,-0.363680404,-0.524056532,0.107603735,-0.335820863
-0.815087027,-0.745195689,-0.528097548,0.223195345,0.835590371,0.629500397,0.164167084
-0.575395407,-0.492559624,-0.655893735,0.223195345,0.535203265,0.333156,1.636683768
-0.632781253,-0.407737883,-0.664318136,0.223195345,0.835590371,0.007289185,1.855642279
-0.511606508,-0.465062974,-0.629800303,0.223195345,0.835590371,-0.188544592,1.933441385
-0.664071641,0.725922462,-0.618518041,0.223195345,0.835590371,-0.148827804,2.630249271
-0.668300072,-0.557137702,-0.61777636,0.223195345,0.835590371,3.195565016,1.966970204
-0.547004514,-0.585248976,-0.512895925,0.223195345,0.835590371,3.179941042,2.555641499
-0.285445867,-0.649483058,-0.10418958,0.223195345,0.835590371,2.03852665,1.834327819
-0.541809585,-0.760467835,-0.607103843,-0.619498038,0.835590371,-0.082678161,1.29004564
0.460207701,-0.415026148,-0.344138241,-0.071999643,0.308380347,-0.257871556,0.304167624
1.054604258,-0.483487305,-0.121897314,-0.447519796,0.07578769,-0.470623234,-0.087901971
1.521302206,0.120065662,-0.26714485,0.223195345,-0.121198191,-0.748342012,-0.448281305
1.680049579,0.914428076,-0.290499329,0.00213004,-1.124176545,-0.811140828,-0.682978236
1.691526748,0.53585809,-0.150338203,-0.009340329,-0.279515722,-0.678951065,-0.211916983
1.478534648,0.137146527,-0.24853029,0.223195345,-0.560803746,-0.837410382,-0.975200781
1.471889971,-0.153433907,0.629661556,-0.521855983,0.438155123,0.290901304,-0.15628801
1.613965246,0.471389037,0.086503222,0.223195345,-0.093664707,-0.465935636,-0.565143145
1.897753359,0.668275787,-0.058701961,-0.151691065,0.528051191,-0.75951976,-0.770917785
1.752053715,1.764311877,-0.126995236,-0.103278582,-0.076172846,-1.00258321,-0.433327423
1.335009626,1.002804652,-0.194220331,0.010246909,-1.278042542,-0.592513537,-0.48453373
0.617142889,0.088877571,-0.38796423,-0.476060866,-1.637809847,-0.641895637,-0.041585313
-0.355033756,-0.562064671,-0.451350594,-0.324555354,0.835590371,-0.354540556,0.500805556
-0.514626816,-0.494606707,-0.59967315,0.223195345,0.835590371,-0.050421909,0.538397517
-0.368564735,-0.197649496,-0.436519575,-1.237473185,0.22051201,-0.580442156,0.910525044
-0.744411826,-0.709428044,-0.575490723,0.223195345,0.835590371,0.170890899,0.000103066
-0.309729141,-0.603013654,-0.548440107,0.223195345,0.60074227,0.326880258,1.111893705
-0.464248083,0.196063755,-0.6345298,0.223195345,0.835590371,0.606705567,1.724743082
-0.624807641,-0.76951151,-0.686851867,0.223195345,0.835590371,1.888437817,1.000129434
-0.62529089,-0.966294122,-0.639899646,0.223195345,0.486491842,1.504458414,1.06369434
-0.557273561,-1.104929527,-0.726598989,0.223195345,0.835590371,0.776381317,1.173818742
-0.58288577,-1.291551484,-0.747472323,0.223195345,0.835590371,1.285416694,1.306841993
-0.240382876,-1.061190791,-0.674944605,0.223195345,0.835590371,0.805797797,1.791196278
-0.207280303,-0.304735416,-0.549571152,0.223195345,0.835590371,0.900439553,0.650150416
0.358846174,-0.377904199,-0.488027006,-0.065939921,0.835590371,0.274668273,0.344704597
1.65709524,0.222130984,0.667415149,-0.058505015,-0.586425656,-0.166912816,0.221942866
1.8559523,0.194642084,0.143000468,0.223195345,-0.958388182,-0.524904457,0.053571108
2.280124315,0.528381327,0.869530487,-0.116787848,-0.231900999,-0.684704741,0.094282112
1.92819806,0.838989423,0.302216302,-0.124582877,-0.018402725,-0.828584035,-0.156048366
1.674975462,1.272113615,-0.206577121,-0.12830243,-0.197741275,-0.150228549,0.015841859
1.61626068,1.004906337,-0.135748505,0.027957472,0.021943405,-0.96424116,-0.157673126
1.756040521,1.398081118,0.02229431,0.223195345,-1.124176545,-0.960317654,-0.095722121
2.117510948,1.679840387,-0.141007592,-0.104363213,-1.559549207,-0.694468226,-0.178893809
1.961904694,2.057434989,-0.015522811,0.071042373,-0.813343108,-1.185499174,-0.448434565
1.823695414,0.433833364,0.704221791,0.054368075,-1.333617284,-0.90885077,0.446937479
0.863599999,0.188229422,-0.015462457,-0.02024941,-2.081071535,-0.353054904,0.058051357
0.310762875,0.387914611,-0.232664726,0.000632984,-1.561312933,-0.489321062,-0.799634462
-0.298372784,-0.38268542,-0.519688116,0.223195345,-2.497737521,-0.042987637,0.058032106
-0.048895367,-0.424493468,-0.429018106,-0.608831033,-0.434899358,-0.674403413,-0.051621887
0.362228919,0.500207018,-0.202899034,0.223195345,-2.034775314,-0.352016519,-0.698500952
-0.269861079,-0.506303479,-0.557377897,0.223195345,0.579815211,0.594017041,1.234375416
-0.666850324,0.087307215,-0.592507371,0.223195345,-0.599592471,-0.824567888,2.445760779
-0.584214705,-0.383781455,-0.611784972,0.223195345,0.835590371,-0.762749826,1.144509432
-0.56246849,-1.074176959,-0.638598719,0.223195345,0.835590371,1.433079831,1.126382839
-0.705631075,-0.898212999,-0.651971768,0.223195345,-0.599592471,2.291494843,1.663565285
-0.577932465,-0.863514545,-0.46736927,0.223195345,0.835590371,1.944763559,1.816878376
-0.496867406,-0.832594322,-0.597447965,0.223195345,0.835590371,3.306534663,1.059579712
-0.898809956,-1.102315229,-0.666146568,0.223195345,0.835590371,2.121708074,0.955509717
-0.71215494,-0.83507908,-0.53139224,0.223195345,0.835590371,0.073701144,-0.242404387
0.056332154,-0.385092251,-0.440582857,0.223195345,0.835590371,0.396870568,-0.485240516
0.869036552,-0.29690825,-0.303100709,-0.051442889,0.835590371,-0.460290335,-0.169389173
1.687177505,-0.20244419,0.032226567,-0.224964318,0.835590371,-0.389359137,-0.413077544
1.615294182,0.356090117,0.363602694,0.223195345,-1.601512569,-0.453069386,-0.78119615
0.65954801,-0.363145451,0.069638691,0.008391149,-0.720631988,-0.285401711,-1.298688183
0.848015211,-0.090002414,-0.037895235,0.223195345,-0.915819199,-0.623365724,-0.351043386
0.685885093,-0.52784378,-0.373486192,0.223195345,-1.97237606,-0.245630117,-0.74654098
0.869157365,0.230908742,-0.228614472,0.044580986,-0.837068769,-0.42002636,-1.224418577
0.970035642,1.335673053,-0.146950516,0.020741288,-0.456074187,-0.963505362,-0.817871846
0.971364578,0.991814993,-0.26538203,-0.291661709,-0.508338071,-0.357931991,-0.596679727
0.342657325,0.050956451,-0.203326865,-0.062587629,0.092186309,-0.516766302,-1.037676751
-0.395989129,-0.220319921,-0.428498038,0.223195345,-0.720631988,-0.094668494,0.324863265
-0.514022754,-0.476237585,-0.342469884,-0.541107956,0.835590371,0.000717531,-0.027938192
-0.653681783,-0.431029288,-0.510530987,0.223195345,0.835590371,0.185839739,0.386385404
-1.057919767,-0.678411281,-0.57064355,0.223195345,0.835590371,0.221181484,1.231840587
-0.456999345,0.420006441,0.050452852,0.223195345,0.835590371,0.534760768,1.502898783
-1.159522918,-1.201822824,-0.748615268,0.223195345,-0.456074187,0.041405979,1.401781611
-0.865385218,-0.100371211,-0.703639448,0.223195345,0.835590371,-0.370667635,2.001700734
-0.866996049,-1.362430329,-0.746446874,0.223195345,0.835590371,1.702550144,2.331010391
-0.92623435,-1.409439933,-0.766956283,0.223195345,0.835590371,4.888320703,2.143112752
-0.789716442,-1.314918967,-0.762911146,0.223195345,0.835590371,2.591211786,2.190669195
-0.368685547,-0.926174953,0.348702699,0.223195345,0.835590371,0.144111404,1.008148089
-0.444676489,-0.703313083,0.133757545,0.223195345,0.835590371,0.504435664,1.109834615
0.094992093,-0.436936607,0.014486808,-0.060940464,-0.669261541,0.21737405,0.56431778
0.642755099,0.563130761,0.869874467,0.223195345,0.189758092,-0.399317201,1.302257361
0.988399113,-0.102873857,-0.236659411,-0.663052977,-0.484358813,-0.666739016,0.806878249
1.473581344,0.674984834,0.178949363,-0.37556048,0.168924793,-0.765068811,0.80129234
1.504146858,0.601198693,0.96110737,-0.003460117,-0.294616117,-1.082885022,-0.06225081
1.452076753,0.384709749,-0.210149375,0.018215873,0.205510099,-0.860342423,0.289883029
1.439149836,0.285360304,-0.075625852,-0.016695472,-0.214543416,-0.038856824,0.237007165
1.500643301,-0.138241055,-0.36780079,0.223195345,-1.1398966,-0.339099393,-0.227242177
1.802674072,-0.042561348,-0.254266808,0.223195345,-0.287596201,-0.707033206,-0.046977419
1.560203769,0.668932198,-0.228315828,0.223195345,0.028300022,-0.478457777,0.042232443
0.970277267,0.244945917,-0.051159514,-0.009890059,-0.018402725,-0.289914103,-0.341663242
0.253256217,-0.21368637,-0.255774804,-0.108774776,-0.133158048,0.021795701,-0.744144048
-0.05952685,-0.52407074,-0.101349864,0.223195345,-0.654791812,-0.565348444,-0.218492465
-0.323864181,0.142658439,-0.32982132,0.223195345,-1.512890644,-0.170217589,0.277860886
-0.552803505,0.353644436,-0.346081933,0.223195345,0.835590371,-0.541287471,0.983376333
-1.016118708,2.76699187,0.004959217,0.223195345,0.835590371,-0.100798248,3.515554628
-0.517065918,-0.037418397,-0.293646689,0.173848435,0.419222531,-0.037348445,0.472347342
-0.584818767,0.013028137,-0.32521292,0.028179239,0.422636412,0.251698055,0.727356356
-0.597593308,-0.402752084,-0.453498709,0.223195345,0.530131239,0.262865164,0.523271058
-0.636949822,-0.792408423,-0.465036888,0.223195345,0.693887604,1.111437782,0.832957552
-0.640935467,-0.956892333,-0.526005189,0.223195345,0.750855477,0.942626799,0.735341175
-0.582781284,-1.05919368,-0.396357573,0.223195345,0.769331781,0.727926681,0.839958318
-0.414868501,-0.938256332,-0.427290536,0.147060112,0.727565677,0.936270908,0.669361838
-0.517206322,-0.800898757,-0.362807451,0.136521404,0.544494116,0.491259085,0.216422406
-0.036647611,-0.3110819,-0.050989292,0.139611095,0.084874129,-0.210706751,0.079246652
0.679325311,0.212312199,0.197481382,0.044620861,-0.311565533,-0.380399956,-0.167444824
1.115026738,0.323291475,0.416062295,-0.009389048,-0.233470903,-0.500401215,-0.382706236
1.386462609,0.495131072,0.451236347,0.026426344,-0.380363306,-0.522265274,-0.427214156
1.335221864,0.576852111,0.258917731,0.04012893,-0.536301686,-0.596010137,-0.423927196
0.99513195,0.713070497,0.147622962,-0.000563637,-0.485196042,-0.655996228,-0.692021109
1.153428726,0.888012359,0.420619623,0.014776853,-0.413219437,-0.590904625,-0.481654015
1.453983628,0.914807422,0.348482187,0.044191627,-0.641754448,-0.755449385,-0.687102382
1.589463204,0.856138304,0.324939407,0.026338009,-0.619958618,-0.683554803,-0.834499921
1.469045984,1.151003143,0.28858997,0.068927732,-0.450590859,-0.79357771,-0.688590058
1.12777407,0.737851048,0.061187136,0.038870161,-0.641914102,-0.610169746,-0.676501847
0.379913229,0.14569483,-0.144187126,-0.028008943,-0.979922762,-0.380244769,-0.693836316
-0.155879564,-0.073123117,-0.241291511,0.049808085,-0.471722917,-0.247828532,-0.496067846
-0.301905727,-0.112181844,-0.289996987,-0.053835867,-0.724524564,-0.157413067,-0.244632575
-0.430123504,-0.029903806,-0.209207858,0.102487712,-0.016305561,7.92E-05,-0.200754566
-0.630443372,0.191959055,-0.320198507,0.05993624,-0.006445817,0.040198349,-0.114608421
-0.630443372,0.191959055,-0.320198507,0.05993624,-0.006445817,0.040198349,-0.114608421
-0.430123504,-0.029903806,-0.209207858,0.102487712,-0.016305561,7.92E-05,-0.200754566
-0.301905727,-0.112181844,-0.289996987,-0.053835867,-0.724524564,-0.157413067,-0.244632575
-0.155879564,-0.073123117,-0.241291511,0.049808085,-0.471722917,-0.247828532,-0.496067846
0.379913229,0.14569483,-0.144187126,-0.028008943,-0.979922762,-0.380244769,-0.693836316
1.12777407,0.737851048,0.061187136,0.038870161,-0.641914102,-0.610169746,-0.676501847
1.469045984,1.151003143,0.28858997,0.068927732,-0.450590859,-0.79357771,-0.688590058
1.589463204,0.856138304,0.324939407,0.026338009,-0.619958618,-0.683554803,-0.834499921
1.453983628,0.914807422,0.348482187,0.044191627,-0.641754448,-0.755449385,-0.687102382
1.153428726,0.888012359,0.420619623,0.014776853,-0.413219437,-0.590904625,-0.481654015
0.99513195,0.713070497,0.147622962,-0.000563637,-0.485196042,-0.655996228,-0.692021109
1.335221864,0.576852111,0.258917731,0.04012893,-0.536301686,-0.596010137,-0.423927196
1.386462609,0.495131072,0.451236347,0.026426344,-0.380363306,-0.522265274,-0.427214156
1.115026738,0.323291475,0.416062295,-0.009389048,-0.233470903,-0.500401215,-0.382706236
0.679325311,0.212312199,0.197481382,0.044620861,-0.311565533,-0.380399956,-0.167444824
-0.036647611,-0.3110819,-0.050989292,0.139611095,0.084874129,-0.210706751,0.079246652
-0.517206322,-0.800898757,-0.362807451,0.136521404,0.544494116,0.491259085,0.216422406
-0.414868501,-0.938256332,-0.427290536,0.147060112,0.727565677,0.936270908,0.669361838
-0.582781284,-1.05919368,-0.396357573,0.223195345,0.769331781,0.727926681,0.839958318
-0.640935467,-0.956892333,-0.526005189,0.223195345,0.750855477,0.942626799,0.735341175
-0.636949822,-0.792408423,-0.465036888,0.223195345,0.693887604,1.111437782,0.832957552
-0.597593308,-0.402752084,-0.453498709,0.223195345,0.530131239,0.262865164,0.523271058
-0.584818767,0.013028137,-0.32521292,0.028179239,0.422636412,0.251698055,0.727356356
-0.517065918,-0.037418397,-0.293646689,0.173848435,0.419222531,-0.037348445,0.472347342
